CIN,Phone number
100000001,7492543057
100000002,8862380267
100000003,9320659480
100000004,6085637378
100000005,6576509010
100000006,9435037578
100000007,6655411804
100000008,9588354257
100000009,8375512532
100000010,7712181824
100000011,8268827275
100000012,6148732982
100000013,7011539259
100000014,6706034388
100000015,6459548739
100000016,6768839812
100000017,6583181270
100000018,9286616319
100000019,7186963697
100000020,6635109359
100000021,7448672199
100000022,9028860082
100000023,6831253811
100000024,8124938272
100000025,9185999945
100000026,7772638290
100000027,9834320497
100000028,9405517879
100000029,8639566093
100000030,9751638668
100000031,6506709300
100000032,8565408667
100000033,6360729350
100000034,8057635495
100000035,9766625871
100000036,7694396490
100000037,8064155594
100000038,8818460779
100000039,9128900793
100000040,9347088033
100000041,9122196974
100000042,6257032895
100000043,8259795320
100000044,9216571910
100000045,6948088788
100000046,8495919154
100000047,6251631026
100000048,6497417906
100000049,8371788649
100000050,9415469971
100000051,9447063297
100000052,7735472780
100000053,8934058502
100000054,9398930301
100000055,6687053529
100000056,8603268623
100000057,9853235054
100000058,8056667453
100000059,8311617100
100000060,9475707417
100000061,8849522459
100000062,8050058002
100000063,9887107262
100000064,6067073573
100000065,6072810282
100000066,8795910583
100000067,8826140756
100000068,9647026794
100000069,8729537665
100000070,7658391698
100000071,6423928324
100000072,9042281392
100000073,7763840605
100000074,7698837533
100000075,9927121329
100000076,9062863838
100000077,6281221579
100000078,9932758323
100000079,7713234348
100000080,7490455355
100000081,7950588798
100000082,8649803280
100000083,8912022213
100000084,6593055730
100000085,6446103605
100000086,8566719840
100000087,8149296356
100000088,7526293135
100000089,6017900585
100000090,9557357504
100000091,6828036980
100000092,9450091152
100000093,9915635161
100000094,7059624869
100000095,8091489313
100000096,9436835941
100000097,7381431006
100000098,7900516695
100000099,8259686656
100000100,6415168631
100000101,6119460012
100000102,8776701966
100000103,9997401397
100000104,7874654241
100000105,7602364762
100000106,8630837124
100000107,6702339528
100000108,8589845596
100000109,9370555277
100000110,9183519481
100000111,9379552899
100000112,7938071643
100000113,7256040929
100000114,6399880762
100000115,6763912113
100000116,8177383482
100000117,7007561533
100000118,6424715734
100000119,6525195610
100000120,9399040667
100000121,8317302533
100000122,9026111643
100000123,6370440271
100000124,8514947880
100000125,6648812569
100000126,8669865874
100000127,9235309470
100000128,9777857273
100000129,7347975227
100000130,6479075298
100000131,7443916294
100000132,8192550965
100000133,7510059880
100000134,7292708310
100000135,7208211567
100000136,9288048458
100000137,6350125691
100000138,7585880960
100000139,7109199068
100000140,6550663366
100000141,9475878949
100000142,8706799594
100000143,9300682529
100000144,7397705957
100000145,9298306344
100000146,8495881118
100000147,8160061731
100000148,6710893746
100000149,9512887248
100000150,8972064497
100000151,6571045788
100000152,7469878578
100000153,7027132003
100000154,8167989768
100000155,7798111354
100000156,9106594912
100000157,9705980452
100000158,7248483213
100000159,7000514906
100000160,7219811255
100000161,7980360189
100000162,8396332530
100000163,8094973382
100000164,6831870391
100000165,8308546192
100000166,7726301921
100000167,7218310543
100000168,7138458765
100000169,7056075570
100000170,9279559259
100000171,8179420792
100000172,7343424733
100000173,9644262180
100000174,8776018439
100000175,6184530595
100000176,7226108262
100000177,6596030383
100000178,7030413693
100000179,9494659783
100000180,9136905431
100000181,7345577849
100000182,6251545878
100000183,6581321652
100000184,9067200923
100000185,6346160669
100000186,9032126184
100000187,9305471801
100000188,9253092186
100000189,7836939179
100000190,9028941974
100000191,6363288161
100000192,6737661446
100000193,9307495259
100000194,6521097168
100000195,7716288628
100000196,7817299361
100000197,6074725504
100000198,9560961436
100000199,8404105321
100000200,7994169205
100000201,7623949781
100000202,6407005607
100000203,9804190071
100000204,9498983540
100000205,7865701905
100000206,6294941634
100000207,6006672244
100000208,6324788760
100000209,6381988191
100000210,8635707903
100000211,9110138821
100000212,8364363605
100000213,6512299866
100000214,9759204920
100000215,9238622747
100000216,7541621164
100000217,7428947871
100000218,6753715902
100000219,9912277665
100000220,6690122567
100000221,9747164348
100000222,6309749817
100000223,6820763121
100000224,8975738392
100000225,9428601533
100000226,6010457189
100000227,8306555113
100000228,7115779933
100000229,9735824572
100000230,9708729794
100000231,6554373501
100000232,8783622524
100000233,7051478918
100000234,6245406056
100000235,9440488644
100000236,8990823702
100000237,9608755840
100000238,6770457646
100000239,9136557400
100000240,7843040615
100000241,7288524302
100000242,8632655549
100000243,8459951357
100000244,8318581137
100000245,6012357625
100000246,8221377048
100000247,6999365013
100000248,7994859597
100000249,9293644369
100000250,9327187277
100000251,6643764514
100000252,7731790316
100000253,6666614407
100000254,6689243467
100000255,7068910786
100000256,8856982002
100000257,9187792049
100000258,9434395213
100000259,9513066528
100000260,7767170300
100000261,6859021013
100000262,6266860420
100000263,7890887472
100000264,6403219331
100000265,6056517710
100000266,9771807658
100000267,9441935019
100000268,9330586249
100000269,9748592055
100000270,6469534142
100000271,6547406786
100000272,9476055991
100000273,8135918093
100000274,8836159975
100000275,9615285331
100000276,7616935532
100000277,6391729733
100000278,8218484285
100000279,9579780364
100000280,8231646006
100000281,6106702397
100000282,9289202395
100000283,7242218715
100000284,8332479059
100000285,7520440152
100000286,8214742988
100000287,8194105349
100000288,7288271383
100000289,7689265884
100000290,8722528366
100000291,7532552696
100000292,7353322041
100000293,8001052685
100000294,6751344956
100000295,6574326267
100000296,8622832914
100000297,6280870536
100000298,7379584857
100000299,9900996679
100000300,8707327712
100000301,7838938490
100000302,6677560860
100000303,6351324652
100000304,6769211148
100000305,8916511656
100000306,7553012303
100000307,8358300756
100000308,7802371267
100000309,6556161764
100000310,8277057982
100000311,6051788525
100000312,8337590868
100000313,7677977014
100000314,8585158948
100000315,7362286006
100000316,9180304564
100000317,9742313710
100000318,7792733701
100000319,8908915406
100000320,8645267158
100000321,7237644016
100000322,6723175016
100000323,8588841738
100000324,8037246179
100000325,8400498479
100000326,8892040958
100000327,6433664748
100000328,6953891641
100000329,8862744694
100000330,9729755044
100000331,8501976456
100000332,6637405693
100000333,9217935774
100000334,6985448895
100000335,8428971093
100000336,6197887088
100000337,9654307041
100000338,8918611846
100000339,6881119422
100000340,7659125326
100000341,9208792063
100000342,6459242510
100000343,6176717746
100000344,7625214321
100000345,8512389651
100000346,8690988464
100000347,9424502171
100000348,7838178823
100000349,9208542990
100000350,7264589556
100000351,9564359996
100000352,6615498586
100000353,6489448676
100000354,6973962612
100000355,8116627838
100000356,9724562899
100000357,8536065254
100000358,9538486778
100000359,6243832304
100000360,6417497430
100000361,7180237088
100000362,6725013658
100000363,7668963321
100000364,6555143167
100000365,9747602519
100000366,8147826817
100000367,9403287990
100000368,6300642549
100000369,8053161785
100000370,8331208757
100000371,7523260660
100000372,7568426847
100000373,6750752366
100000374,9476674033
100000375,6713415500
100000376,7286127866
100000377,6323508748
100000378,9549025223
100000379,8280001580
100000380,8325283996
100000381,7277123705
100000382,9442147448
100000383,6708961029
100000384,6806848929
100000385,7987581795
100000386,9450296913
100000387,8448835492
100000388,7486722156
100000389,6456917747
100000390,7561787325
100000391,8896265193
100000392,7432169289
100000393,8524214331
100000394,8768653850
100000395,9618275576
100000396,8022819396
100000397,9344431170
100000398,7836131234
100000399,9936596048
100000400,6679930452
100000401,7685622290
100000402,7420069993
100000403,9763044008
100000404,7404435931
100000405,8502891256
100000406,7037043668
100000407,7168917992
100000408,6574212867
100000409,6108739192
100000410,8863703712
100000411,8837386625
100000412,8408805833
100000413,7174476267
100000414,7451842978
100000415,7102565503
100000416,6337459208
100000417,8230398437
100000418,6063141930
100000419,9033344257
100000420,9811157493
100000421,7064940387
100000422,6255806613
100000423,8449342835
100000424,8804621775
100000425,7720691107
100000426,8778700061
100000427,8161842733
100000428,8324561856
100000429,7176936590
100000430,9309312749
100000431,9178175511
100000432,7457189908
100000433,7934175486
100000434,6113893032
100000435,7214979996
100000436,8574581428
100000437,7232288865
100000438,7272501080
100000439,9962318395
100000440,9795891547
100000441,8193365380
100000442,7590985489
100000443,6514580377
100000444,6345477075
100000445,6127211468
100000446,8604576940
100000447,7608455541
100000448,6251650063
100000449,9798616112
100000450,8363667703
100000451,6358109152
100000452,6523919623
100000453,6528899309
100000454,6969391283
100000455,9296354274
100000456,6780822440
100000457,6941870129
100000458,8513540992
100000459,6033707539
100000460,7619414550
100000461,7499717134
100000462,6093217094
100000463,8464150175
100000464,6428888238
100000465,9285838083
100000466,7369776756
100000467,7017234058
100000468,9254994398
100000469,9424882348
100000470,7544130345
100000471,6744478907
100000472,6944671269
100000473,7600578342
100000474,7166294614
100000475,8525048579
100000476,6558099567
100000477,7414814509
100000478,7018584451
100000479,9826053354
100000480,8949101916
100000481,8005467853
100000482,8159911201
100000483,7508772935
100000484,9190715011
100000485,8462575269
100000486,8437206056
100000487,9819028065
100000488,9349729773
100000489,7484853867
100000490,8902293890
100000491,6571341614
100000492,7972107177
100000493,8114041632
100000494,6216418815
100000495,6228482062
100000496,6345876265
100000497,9740311823
100000498,6340372420
100000499,6755096641
100000500,7133664497
100000501,8374518399
100000502,7634675063
100000503,8213578242
100000504,6405858904
100000505,8090828754
100000506,9309738012
100000507,6952448186
100000508,6447321141
100000509,7097646732
100000510,9199247009
100000511,8225666172
100000512,7251263762
100000513,7629596295
100000514,8565220535
100000515,9851650774
100000516,6048649842
100000517,6725597476
100000518,9693971891
100000519,6618792553
100000520,7190821387
100000521,7377958801
100000522,6881599179
100000523,9392415805
100000524,6228922076
100000525,8369427741
100000526,8408564537
100000527,7474540969
100000528,7125291792
100000529,9995896539
100000530,7981614508
100000531,6000144991
100000532,6626530267
100000533,9607642685
100000534,6911401315
100000535,9621676010
100000536,9707784376
100000537,7821813455
100000538,8163678130
100000539,9851690824
100000540,6702059542
100000541,9159290858
100000542,9237954226
100000543,6791890887
100000544,6929695166
100000545,9687636345
100000546,6170856652
100000547,9906979487
100000548,8980492604
100000549,9224421837
100000550,8781771839
100000551,7219853508
100000552,8707747370
100000553,6136127657
100000554,6368364633
100000555,7971972783
100000556,9665483999
100000557,9175633136
100000558,9528769909
100000559,7577695630
100000560,7350512380
100000561,8695107730
100000562,8561103224
100000563,9500916370
100000564,9526071338
100000565,9963662004
100000566,6495407149
100000567,6838203301
100000568,6123248273
100000569,9950355541
100000570,6423020747
100000571,8236925104
100000572,6492979269
100000573,9826735909
100000574,9171643028
100000575,8616571856
100000576,6740247689
100000577,6020166726
100000578,9885902821
100000579,6773576846
100000580,9587427734
100000581,6973216624
100000582,9858322267
100000583,6467335710
100000584,8865368250
100000585,9413349510
100000586,7714603704
100000587,8344368366
100000588,8970445888
100000589,8718221011
100000590,7191523778
100000591,7628216846
100000592,8095992032
100000593,6592013136
100000594,7910375788
100000595,9251364893
100000596,7073801310
100000597,6960731108
100000598,6594311226
100000599,9461555817
100000600,6598639850
100000601,9669875410
100000602,9958543090
100000603,8131654520
100000604,9823638873
100000605,8810200524
100000606,7713812546
100000607,6281600126
100000608,7257089729
100000609,8705462199
100000610,9265591469
100000611,9370068714
100000612,7928754350
100000613,7561134059
100000614,8448032867
100000615,6051142475
100000616,9174233199
100000617,7244840995
100000618,9870039918
100000619,8450026003
100000620,8117447025
100000621,6179907938
100000622,9522045498
100000623,9187706266
100000624,9909718119
100000625,6525994084
100000626,6077613399
100000627,6689977141
100000628,6683582526
100000629,6372750373
100000630,7014879108
100000631,9983997881
100000632,9894892952
100000633,8316279200
100000634,9163733397
100000635,6487796823
100000636,7786323281
100000637,7681966768
100000638,7289476687
100000639,7006416553
100000640,6006016884
100000641,9496527771
100000642,9063520699
100000643,9795896205
100000644,6629300503
100000645,8803098098
100000646,9664576726
100000647,7094585657
100000648,8099661863
100000649,9798279202
100000650,6069294612
100000651,8455092269
100000652,7690980515
100000653,6539454345
100000654,6882238230
100000655,7258325825
100000656,8981796839
100000657,6719852515
100000658,8752562399
100000659,9566651617
100000660,6549600945
100000661,8455899573
100000662,9103669555
100000663,9808552015
100000664,6115126774
100000665,9791116700
100000666,7062013443
100000667,7485258231
100000668,6640049659
100000669,7387002592
100000670,9409447621
100000671,6970039436
100000672,9387403006
100000673,8180361510
100000674,8023413938
100000675,8556693171
100000676,8857469802
100000677,9949683618
100000678,9557311808
100000679,7792945595
100000680,8773852578
100000681,8422099874
100000682,6596007129
100000683,9595080451
100000684,9579120579
100000685,7639475622
100000686,9563815229
100000687,8858661243
100000688,7060054989
100000689,9472607686
100000690,9161998818
100000691,6617491247
100000692,8688256709
100000693,9728847639
100000694,7596328062
100000695,6163017990
100000696,7297116938
100000697,6726481524
100000698,8039723137
100000699,9140651773
100000700,7745228356
100000701,9589145434
100000702,7548383139
100000703,7137101162
100000704,9933639476
100000705,8808960672
100000706,8850568337
100000707,9577754552
100000708,9898362708
100000709,6812226409
100000710,7883087707
100000711,7518640191
100000712,9560475981
100000713,8171286234
100000714,8368693822
100000715,7730814814
100000716,6822412393
100000717,7861489053
100000718,7352589426
100000719,7039196336
100000720,9573105285
100000721,9651054729
100000722,7495318718
100000723,9552906404
100000724,6553594791
100000725,7317921732
100000726,7440592445
100000727,9570769563
100000728,8883545959
100000729,8880100885
100000730,7619445726
100000731,6671882162
100000732,8599891222
100000733,6561345913
100000734,6889627414
100000735,6188965770
100000736,9201085966
100000737,8645468769
100000738,7820162608
100000739,7247072688
100000740,9826825010
100000741,8910951046
100000742,9299602789
100000743,8181950093
100000744,6200558789
100000745,7080286635
100000746,8541420291
100000747,9261343469
100000748,6273383757
100000749,9763983835
100000750,8438339609
100000751,8541757990
100000752,6277666221
100000753,9907774103
100000754,9977972415
100000755,8733831181
100000756,9800528807
100000757,8003521234
100000758,6357288628
100000759,8113835874
100000760,8778585888
100000761,8912143810
100000762,8620496722
100000763,7875779776
100000764,9357421169
100000765,8469077072
100000766,6673731745
100000767,8855653968
100000768,9030948899
100000769,8876846585
100000770,6641450533
100000771,6149906341
100000772,8006135205
100000773,7248909976
100000774,6439763520
100000775,7098093458
100000776,7902120708
100000777,7315032780
100000778,9271931386
100000779,7608664313
100000780,6014683336
100000781,9600501961
100000782,9187424533
100000783,9716810519
100000784,7152125900
100000785,6193489443
100000786,8105788517
100000787,9960103305
100000788,6656644325
100000789,8664544058
100000790,8753129372
100000791,9898966719
100000792,8164697156
100000793,9905293050
100000794,6340638995
100000795,8188630568
100000796,8541950385
100000797,8562109038
100000798,7003890829
100000799,8419706958
100000800,6621393059
