Loan ID ,Loan Amount,Interest Rate,Tenure Months,Issue date,End date,Given to,Emi,
10001,850000,12,108,2021-02-05,2029-12-20,100000601,7870.37,
10002,350000,12,36,2021-12-24,2024-12-08,100000602,9722.22,
10003,950000,12,108,2022-02-09,2030-12-24,100000603,8796.30,
10004,850000,12,12,2022-02-15,2023-02-10,100000604,70833.33,
10005,750000,12,84,2021-04-09,2028-03-03,100000605,8928.57,
10006,250000,12,108,2021-08-28,2030-07-12,100000606,2314.81,
10007,350000,12,60,2021-10-12,2026-09-16,100000607,5833.33,
10008,50000,12,36,2022-01-29,2025-01-13,100000608,1388.89,
10009,850000,12,96,2021-03-28,2029-02-14,100000609,8854.17,
10010,250000,12,84,2021-08-28,2028-07-22,100000610,2976.19,
10011,650000,12,72,2022-01-17,2027-12-17,100000611,9027.78,
10012,450000,12,108,2021-08-14,2030-06-28,100000612,4166.67,
10013,750000,12,60,2021-11-03,2026-10-08,100000613,12500.00,
10014,650000,12,36,2021-12-01,2024-11-15,100000614,18055.56,
10015,50000,12,120,2021-01-20,2030-11-29,100000615,416.67,
10016,850000,12,60,2021-09-05,2026-08-10,100000616,14166.67,
10017,950000,12,60,2021-06-19,2026-05-24,100000617,15833.33,
10018,850000,12,48,2021-01-07,2024-12-17,100000618,17708.33,
10019,250000,12,96,2021-11-19,2029-10-08,100000619,2604.17,
10020,150000,12,12,2021-09-16,2022-09-11,100000620,12500.00,
10021,950000,12,12,2021-02-07,2022-02-02,100000621,79166.67,
10022,150000,12,96,2022-01-07,2029-11-26,100000622,1562.50,
10023,50000,12,72,2021-10-26,2027-09-25,100000623,694.44,
10024,950000,12,24,2021-11-16,2023-11-06,100000624,39583.33,
10025,350000,12,120,2021-02-07,2030-12-17,100000625,2916.67,
10026,250000,12,120,2021-08-01,2031-06-10,100000626,2083.33,
10027,650000,12,60,2021-03-21,2026-02-23,100000627,10833.33,
10028,350000,12,12,2021-09-25,2022-09-20,100000628,29166.67,
10029,350000,12,48,2021-10-23,2025-10-02,100000629,7291.67,
10030,350000,12,24,2021-04-04,2023-03-25,100000630,14583.33,
10031,650000,12,120,2021-12-21,2031-10-30,100000631,5416.67,
10032,850000,12,108,2021-01-01,2029-11-15,100000632,7870.37,
10033,950000,12,120,2021-11-22,2031-10-01,100000633,7916.67,
10034,250000,12,24,2021-09-08,2023-08-29,100000634,10416.67,
10035,250000,12,36,2021-12-07,2024-11-21,100000635,6944.44,
10036,550000,12,72,2022-02-13,2028-01-13,100000636,7638.89,
10037,450000,12,48,2021-11-20,2025-10-30,100000637,9375.00,
10038,550000,12,84,2021-11-25,2028-10-19,100000638,6547.62,
10039,750000,12,84,2021-12-10,2028-11-03,100000639,8928.57,
10040,850000,12,72,2021-03-29,2027-02-26,100000640,11805.56,
10041,350000,12,72,2021-05-04,2027-04-03,100000641,4861.11,
10042,750000,12,60,2021-09-03,2026-08-08,100000642,12500.00,
10043,50000,12,48,2021-12-04,2025-11-13,100000643,1041.67,
10044,50000,12,72,2021-07-28,2027-06-27,100000644,694.44,
10045,250000,12,24,2021-10-27,2023-10-17,100000645,10416.67,
10046,550000,12,120,2021-10-12,2031-08-21,100000646,4583.33,
10047,150000,12,60,2021-12-29,2026-12-03,100000647,2500.00,
10048,550000,12,72,2021-01-24,2026-12-24,100000648,7638.89,
10049,650000,12,24,2021-05-06,2023-04-26,100000649,27083.33,
10050,450000,12,108,2021-08-04,2030-06-18,100000650,4166.67,
10051,450000,15,12,2021-12-19,2022-12-14,100000701,37500.00,
10052,200000,15,96,2022-01-26,2029-12-15,100000702,2083.33,
10053,200000,15,108,2021-01-11,2029-11-25,100000703,1851.85,
10054,300000,15,84,2021-04-25,2028-03-19,100000704,3571.43,
10055,350000,15,120,2021-01-26,2030-12-05,100000705,2916.67,
10056,400000,15,24,2021-12-27,2023-12-17,100000706,16666.67,
10057,500000,15,84,2021-04-02,2028-02-25,100000707,5952.38,
10058,300000,15,108,2021-08-02,2030-06-16,100000708,2777.78,
10059,500000,15,24,2021-06-21,2023-06-11,100000709,20833.33,
10060,150000,15,72,2022-02-16,2028-01-16,100000710,2083.33,
10061,150000,15,36,2022-02-22,2025-02-06,100000711,4166.67,
10062,500000,15,60,2021-04-17,2026-03-22,100000712,8333.33,
10063,300000,15,60,2021-08-30,2026-08-04,100000713,5000.00,
10064,150000,15,36,2021-02-28,2024-02-13,100000714,4166.67,
10065,350000,15,84,2021-11-17,2028-10-11,100000715,4166.67,
10066,400000,15,12,2021-12-03,2022-11-28,100000716,33333.33,
10067,450000,15,12,2022-02-20,2023-02-15,100000717,37500.00,
10068,350000,15,36,2021-05-20,2024-05-04,100000718,9722.22,
10069,100000,15,84,2021-02-20,2028-01-15,100000719,1190.48,
10070,500000,15,60,2022-01-26,2026-12-31,100000720,8333.33,
10071,250000,15,60,2021-01-20,2025-12-25,100000721,4166.67,
10072,150000,15,108,2021-05-17,2030-03-31,100000722,1388.89,
10073,450000,15,60,2021-02-14,2026-01-19,100000723,7500.00,
10074,300000,15,120,2021-02-09,2030-12-19,100000724,2500.00,
10075,200000,15,84,2022-02-04,2028-12-29,100000725,2380.95,
,,,,,,,,
