CIN,Aadhaar Number,DOB,Age,Photo
100000001,125784209906,1999-11-22,22,efcnlkj45r
100000002,243519020665,2000-12-04,21,f96riehipm
100000003,826446406645,1989-09-14,32,q66jecnrt2
100000004,505875305630,1965-08-03,56,lhsfezmfme
100000005,644620103687,1994-09-29,27,zqth9r0axd
100000006,585697262334,1973-01-10,49,2juh07hcvz
100000007,684201130423,1980-05-13,41,1ie4jvysum
100000008,266437633789,1976-01-20,46,lphv32itvg
100000009,100796820382,2001-04-16,20,jljujt02yo
100000010,814994253957,2001-12-19,20,t7mh9heq0k
100000011,313029957057,1984-12-16,37,1q0p88byei
100000012,261468493545,1993-04-30,28,mbe4dew7d1
100000013,988007077593,1965-03-24,56,0pqhl22tbd
100000014,702902063699,1988-06-08,33,7yekaf6wu8
100000015,986763633215,1989-05-03,32,fp23z1ka2a
100000016,490723251283,1993-09-03,28,r8tyk8tm4v
100000017,366684067446,1988-05-06,33,1fwptkrtns
100000018,370308927102,1976-09-21,45,pdf5hoot4t
100000019,443768070018,1966-03-01,55,xo88d017l2
100000020,872392175612,1994-10-20,27,57248bzt26
100000021,214085333186,1978-07-14,43,pdx5nd3w1w
100000022,279682700375,1982-04-17,39,58xhcgyou7
100000023,740951325661,1990-10-18,31,mqecrjuazp
100000024,906626634437,1993-12-24,28,j0zph8fdkl
100000025,581884164822,1994-06-15,27,ne2ar9u3q6
100000026,119603231223,1966-12-24,55,upouya4wu0
100000027,792753647093,1974-11-09,47,169mmg6ewq
100000028,644736775076,1983-04-29,38,6dog360cpt
100000029,356385453108,1995-03-14,26,0zo328ljet
100000030,380662974364,1967-04-03,54,383475mn0y
100000031,595118070587,2001-02-25,21,f9d3tmg6ae
100000032,228483014207,1996-05-23,25,34woeevxs4
100000033,235435966950,1992-03-16,29,pivmldhbmo
100000034,211704446367,1980-10-25,41,ng4p0vr5pw
100000035,515140934253,1992-03-01,29,ubnf6czh7n
100000036,850149073424,2001-08-05,20,e8cct3zfba
100000037,519285405106,1986-06-19,35,xobdn8ekae
100000038,287694228705,1987-03-29,34,h6hqz48k99
100000039,505508759466,1996-12-28,25,quhqv7jfcr
100000040,790811253597,1980-02-15,42,fs49ybrawt
100000041,565277382148,1970-04-18,51,0frvn215vj
100000042,261896441544,1978-03-08,43,efcnlkj45r
100000043,327444446747,1976-07-01,45,f96riehipm
100000044,777768791210,1997-04-19,24,q66jecnrt2
100000045,662445178590,1994-02-19,28,lhsfezmfme
100000046,592090115318,1983-07-14,38,zqth9r0axd
100000047,748521036246,2001-12-07,20,2juh07hcvz
100000048,248914344678,1984-09-20,37,1ie4jvysum
100000049,828315654898,1983-10-03,38,lphv32itvg
100000050,299725695708,1972-11-11,49,jljujt02yo
100000051,379587928618,1984-08-15,37,t7mh9heq0k
100000052,158764869163,1986-10-24,35,1q0p88byei
100000053,392152619136,2003-03-22,18,mbe4dew7d1
100000054,801079936490,1988-01-04,34,0pqhl22tbd
100000055,583292837734,1970-05-03,51,7yekaf6wu8
100000056,230577848764,1999-11-16,22,fp23z1ka2a
100000057,227491179036,1994-07-25,27,r8tyk8tm4v
100000058,999023653781,1967-01-11,55,1fwptkrtns
100000059,155560616679,1992-04-29,29,pdf5hoot4t
100000060,415070929845,1991-04-06,30,xo88d017l2
100000061,917785556852,1969-01-23,53,57248bzt26
100000062,417086948476,1982-10-20,39,pdx5nd3w1w
100000063,283989197856,1997-05-25,24,58xhcgyou7
100000064,915424676083,2002-01-23,20,mqecrjuazp
100000065,250178542861,1966-04-18,55,j0zph8fdkl
100000066,400331807551,1969-06-29,52,ne2ar9u3q6
100000067,788948051369,1998-03-05,23,upouya4wu0
100000068,905027405930,1997-02-25,25,169mmg6ewq
100000069,428361787059,1979-07-24,42,6dog360cpt
100000070,169542717850,1995-09-06,26,0zo328ljet
100000071,528009300230,1968-03-14,53,383475mn0y
100000072,572851354282,1995-11-25,26,f9d3tmg6ae
100000073,665294129676,1992-06-29,29,34woeevxs4
100000074,300099403723,2001-09-11,20,pivmldhbmo
100000075,858946207289,1994-01-27,28,ng4p0vr5pw
100000076,680238305720,1994-04-25,27,ubnf6czh7n
100000077,356676939161,1986-12-01,35,e8cct3zfba
100000078,335343181411,1977-06-28,44,xobdn8ekae
100000079,355295215916,1971-11-10,50,h6hqz48k99
100000080,654155788064,1997-03-09,24,quhqv7jfcr
100000081,962897691663,1988-08-21,33,fs49ybrawt
100000082,897744611264,1990-10-20,31,0frvn215vj
100000083,199602389537,1989-05-14,32,efcnlkj45r
100000084,391448936851,1996-03-08,25,f96riehipm
100000085,982556998397,1987-01-02,35,q66jecnrt2
100000086,854451601198,1997-02-04,25,lhsfezmfme
100000087,390908754895,1992-11-04,29,zqth9r0axd
100000088,887303680556,1998-08-31,23,2juh07hcvz
100000089,694274477833,1974-08-28,47,1ie4jvysum
100000090,739430932020,1966-07-14,55,lphv32itvg
100000091,316384462637,1980-08-16,41,jljujt02yo
100000092,732054900804,1983-03-01,38,t7mh9heq0k
100000093,629635095303,1994-10-05,27,1q0p88byei
100000094,230879343457,1998-02-16,24,mbe4dew7d1
100000095,912629769589,1983-04-21,38,0pqhl22tbd
100000096,137741644126,1997-05-14,24,7yekaf6wu8
100000097,384857086415,2003-09-28,18,fp23z1ka2a
100000098,919813387482,1982-05-26,39,r8tyk8tm4v
100000099,959200007895,1999-10-08,22,1fwptkrtns
100000100,729816519688,1971-08-15,50,pdf5hoot4t
100000101,870419214049,1971-10-25,50,xo88d017l2
100000102,469862553139,1978-07-19,43,57248bzt26
100000103,341720415437,2001-08-17,20,pdx5nd3w1w
100000104,161829221750,1998-10-26,23,58xhcgyou7
100000105,185684800929,1980-12-24,41,mqecrjuazp
100000106,563682485659,1990-09-02,31,j0zph8fdkl
100000107,849838136766,1988-06-16,33,ne2ar9u3q6
100000108,220351440663,1978-10-02,43,upouya4wu0
100000109,953132511410,1996-08-05,25,169mmg6ewq
100000110,843320233895,1982-05-02,39,6dog360cpt
100000111,366642378449,2002-12-01,19,0zo328ljet
100000112,914860898539,1981-02-12,41,383475mn0y
100000113,968416355013,1971-04-19,50,f9d3tmg6ae
100000114,418012549093,1978-02-07,44,34woeevxs4
100000115,823119468916,1977-05-01,44,pivmldhbmo
100000116,795103617714,1992-10-30,29,ng4p0vr5pw
100000117,814077369684,1996-04-16,25,ubnf6czh7n
100000118,161215626595,1974-07-23,47,e8cct3zfba
100000119,268741171812,1989-04-02,32,xobdn8ekae
100000120,970221685616,2000-07-25,21,h6hqz48k99
100000121,648911981821,1984-06-24,37,quhqv7jfcr
100000122,334810683654,1996-10-01,25,fs49ybrawt
100000123,157630241768,1973-06-05,48,0frvn215vj
100000124,227785057166,1968-10-17,53,efcnlkj45r
100000125,995551835902,1968-01-18,54,f96riehipm
100000126,148993258946,1979-04-30,42,q66jecnrt3
100000127,845115935734,1982-01-08,40,lhsfezmfme
100000128,150061654507,1999-05-07,22,zqth9r0axd
100000129,557239074267,1994-12-18,27,2juh07hcvz
100000130,126305366609,1998-08-22,23,1ie4jvysum
100000131,842739202663,1987-04-07,34,lphv32itvg
100000132,469566436267,1986-07-28,35,jljujt02yo
100000133,811873374291,1981-12-01,40,t7mh9heq0k
100000134,374360890117,1975-11-11,46,1q0p88byei
100000135,505000358807,1972-06-13,49,mbe4dew7d2
100000136,503271734969,1976-02-04,46,0pqhl22tbd
100000137,376549865314,1980-12-24,41,7yekaf6wu9
100000138,320141501691,1979-01-18,43,fp23z1ka2a
100000139,557836215371,1990-09-25,31,r8tyk8tm4v
100000140,724616361577,1990-04-06,31,1fwptkrtns
100000141,635990682435,1987-06-24,34,pdf5hoot4t
100000142,621945112284,1965-09-30,56,xo88d017l3
100000143,369253830995,1994-12-01,27,57248bzt27
100000144,626139712969,1970-08-23,51,pdx5nd3w1w
100000145,546001179139,1992-03-31,29,58xhcgyou8
100000146,718023756546,1986-07-04,35,mqecrjuazp
100000147,879283972201,1976-01-19,46,j0zph8fdkl
100000148,224356335087,1975-10-26,46,ne2ar9u3q7
100000149,294358149959,1972-05-28,49,upouya4wu1
100000150,381118936059,1966-02-26,56,169mmg6ewq
100000151,410407319334,1972-07-08,49,6dog360cpt
100000152,420412930545,2002-04-21,19,0zo328ljet
100000153,850536079397,1984-11-07,37,383475mn0y
100000154,358610044405,1970-12-01,51,f9d3tmg6ae
100000155,649707633244,1987-06-03,34,34woeevxs5
100000156,170155172560,1999-11-09,22,pivmldhbmo
100000157,751425280603,1979-08-13,42,ng4p0vr5pw
100000158,580276459130,1989-07-19,32,ubnf6czh7n
100000159,787962405004,1996-06-17,25,e8cct3zfba
100000160,503363692692,1985-11-06,36,xobdn8ekae
100000161,911036494307,1975-11-06,46,h6hqz48k100
100000162,837101467772,1966-12-28,55,quhqv7jfcr
100000163,328279489218,1992-11-10,29,fs49ybrawt
100000164,880658459991,1976-05-22,45,0frvn215vj
100000165,230888529411,1972-08-15,49,efcnlkj45r
100000166,492476495320,2001-01-05,21,f96riehipm
100000167,955553060369,1979-06-14,42,q66jecnrt4
100000168,364919913248,1991-07-30,30,lhsfezmfme
100000169,870308489797,1989-06-16,32,zqth9r0axd
100000170,270391329782,1981-12-24,40,2juh07hcvz
100000171,121982230882,1980-10-12,41,1ie4jvysum
100000172,887589790998,1973-04-14,48,lphv32itvg
100000173,557717079902,1986-05-19,35,jljujt02yo
100000174,780711465518,1996-08-12,25,t7mh9heq0k
100000175,274494663830,1998-01-01,24,1q0p88byei
100000176,241983292708,1973-06-11,48,mbe4dew7d3
100000177,356484632958,1989-02-03,33,0pqhl22tbd
100000178,550116572855,1995-07-01,26,7yekaf6wu10
100000179,987482878371,1983-05-14,38,fp23z1ka2a
100000180,633649034483,1977-07-02,44,r8tyk8tm4v
100000181,553589044518,1996-03-17,25,1fwptkrtns
100000182,213978857163,1973-02-11,49,pdf5hoot4t
100000183,643095755373,1976-02-10,46,xo88d017l4
100000184,848660638149,1976-04-23,45,57248bzt28
100000185,855250601482,1986-04-21,35,pdx5nd3w1w
100000186,270665281764,1977-07-27,44,58xhcgyou9
100000187,208973970718,1995-11-08,26,mqecrjuazp
100000188,505177153837,1974-05-12,47,j0zph8fdkl
100000189,948053851793,1995-02-19,27,ne2ar9u3q8
100000190,116426539796,1995-10-20,26,upouya4wu2
100000191,701413914143,1970-11-13,51,169mmg6ewq
100000192,295078773133,1965-01-18,57,6dog360cpt
100000193,138839718190,2003-12-16,18,0zo328ljet
100000194,124655385357,1997-05-14,24,383475mn0y
100000195,976765055759,1987-10-28,34,f9d3tmg6ae
100000196,481313188863,1991-12-03,30,34woeevxs6
100000197,961648206329,1967-06-23,54,pivmldhbmo
100000198,446983479481,1976-12-12,45,ng4p0vr5pw
100000199,721410690109,1992-06-14,29,ubnf6czh7n
100000200,183538364386,1995-04-25,26,e8cct3zfba
100000201,823140803327,1995-07-25,26,xobdn8ekae
100000202,949032012268,1975-11-12,46,h6hqz48k101
100000203,589374520408,1999-10-06,22,quhqv7jfcr
100000204,679488470904,1988-01-22,34,fs49ybrawt
100000205,434978402869,1973-01-29,49,0frvn215vj
100000206,821483599389,1968-02-17,54,efcnlkj45r
100000207,282892574877,1992-02-18,30,f96riehipm
100000208,342191445666,1990-04-06,31,q66jecnrt5
100000209,212459901250,1993-07-29,28,lhsfezmfme
100000210,867960282023,1983-11-25,38,zqth9r0axd
100000211,950931902970,1988-11-24,33,2juh07hcvz
100000212,397577832188,2000-05-15,21,1ie4jvysum
100000213,746711608261,1981-09-27,40,lphv32itvg
100000214,742462462351,1969-10-18,52,jljujt02yo
100000215,950473492110,1987-12-20,34,t7mh9heq0k
100000216,167215538252,1977-04-01,44,1q0p88byei
100000217,869340742136,2002-04-22,19,mbe4dew7d4
100000218,440823538113,1967-02-07,55,0pqhl22tbd
100000219,867932663484,1978-03-15,43,7yekaf6wu11
100000220,606905326446,1990-08-13,31,fp23z1ka2a
100000221,374012416321,1968-04-17,53,r8tyk8tm4v
100000222,799808995761,1995-12-01,26,1fwptkrtns
100000223,179505565441,1982-08-21,39,pdf5hoot4t
100000224,784279727706,1999-04-02,22,xo88d017l5
100000225,678874809168,1979-09-18,42,57248bzt29
100000226,111634455636,1981-01-05,41,pdx5nd3w1w
100000227,744853299971,1990-06-29,31,58xhcgyou10
100000228,679859674881,1983-10-02,38,mqecrjuazp
100000229,863877360367,1990-07-27,31,j0zph8fdkl
100000230,563078586572,1995-01-11,27,ne2ar9u3q9
100000231,900177721458,2003-02-09,19,upouya4wu3
100000232,129821446794,2000-10-13,21,169mmg6ewq
100000233,526829367731,1988-05-05,33,6dog360cpt
100000234,546078045431,1982-12-29,39,0zo328ljet
100000235,496265323329,1969-12-11,52,383475mn0y
100000236,722777066889,1973-11-27,48,f9d3tmg6ae
100000237,278422603281,1988-12-27,33,34woeevxs7
100000238,151154527808,2003-02-01,19,pivmldhbmo
100000239,639027916682,2000-04-06,21,ng4p0vr5pw
100000240,872026654310,1993-11-16,28,ubnf6czh7n
100000241,984473633305,1978-05-21,43,e8cct3zfba
100000242,732480362596,2001-01-03,21,xobdn8ekae
100000243,417929828281,1985-11-23,36,h6hqz48k102
100000244,933156224985,1969-10-03,52,quhqv7jfcr
100000245,150085827273,2003-02-07,19,fs49ybrawt
100000246,472369451863,1970-10-03,51,0frvn215vj
100000247,679037105755,1996-03-01,25,efcnlkj45r
100000248,122774977261,1986-10-22,35,f96riehipm
100000249,282280951181,1996-07-29,25,q66jecnrt6
100000250,404952365902,1965-07-23,56,lhsfezmfme
100000251,409557531971,1972-03-16,49,zqth9r0axd
100000252,718665545409,2003-11-16,18,2juh07hcvz
100000253,659268485777,1993-08-19,28,1ie4jvysum
100000254,513813529840,1982-05-06,39,lphv32itvg
100000255,543444322072,1995-04-18,26,jljujt02yo
100000256,504517529477,2000-07-08,21,t7mh9heq0k
100000257,206439654417,1989-01-08,33,1q0p88byei
100000258,399972850745,1998-05-19,23,mbe4dew7d5
100000259,966903010941,2000-12-26,21,0pqhl22tbd
100000260,825187458203,1970-10-18,51,7yekaf6wu12
100000261,290635588655,2003-11-12,18,fp23z1ka2a
100000262,319428730717,1998-09-16,23,r8tyk8tm4v
100000263,277665710823,1969-01-10,53,1fwptkrtns
100000264,908530205207,1986-10-01,35,pdf5hoot4t
100000265,124640421505,1981-07-31,40,xo88d017l6
100000266,497905137352,1977-02-12,45,57248bzt30
100000267,460604825061,1983-03-23,38,pdx5nd3w1w
100000268,172796820620,1981-01-26,41,58xhcgyou11
100000269,565888756172,1978-11-12,43,mqecrjuazp
100000270,196364845991,1973-01-22,49,j0zph8fdkl
100000271,464464192475,1992-08-16,29,ne2ar9u3q10
100000272,809176587965,1983-03-30,38,upouya4wu4
100000273,769130626096,1966-10-15,55,169mmg6ewq
100000274,288407847277,2002-05-09,19,6dog360cpt
100000275,853007311816,1971-01-30,51,0zo328ljet
100000276,101342406147,1995-07-22,26,383475mn0y
100000277,970493548189,1972-09-09,49,f9d3tmg6ae
100000278,308291836914,1998-06-29,23,34woeevxs8
100000279,492398330034,2000-05-29,21,pivmldhbmo
100000280,262949723632,1972-03-31,49,ng4p0vr5pw
100000281,456002356623,1985-03-31,36,ubnf6czh7n
100000282,944049356187,2000-01-20,22,e8cct3zfba
100000283,135587913721,1994-04-06,27,xobdn8ekae
100000284,175535097639,1978-12-07,43,h6hqz48k103
100000285,168914303629,1983-01-24,39,quhqv7jfcr
100000286,107624429564,1987-02-13,35,fs49ybrawt
100000287,448273682144,1973-08-27,48,0frvn215vj
100000288,116328974976,1993-12-31,28,efcnlkj45r
100000289,637140084950,1988-08-28,33,f96riehipm
100000290,836509022965,2000-09-14,21,q66jecnrt7
100000291,669089854764,1982-08-10,39,lhsfezmfme
100000292,591760001338,1980-11-07,41,zqth9r0axd
100000293,340574061376,1993-10-03,28,2juh07hcvz
100000294,788158582302,1981-05-01,40,1ie4jvysum
100000295,230257387691,1995-08-07,26,lphv32itvg
100000296,183436163595,1975-04-12,46,jljujt02yo
100000297,656486551178,1970-11-02,51,t7mh9heq0k
100000298,248548920122,1972-01-13,50,1q0p88byei
100000299,882932139970,2003-07-01,18,mbe4dew7d6
100000300,896832421388,1999-06-02,22,0pqhl22tbd
100000301,686489289133,1993-04-11,28,7yekaf6wu13
100000302,358481279047,2000-05-19,21,fp23z1ka2a
100000303,387270200788,1975-12-17,46,r8tyk8tm4v
100000304,960885366048,2002-07-07,19,1fwptkrtns
100000305,445102667762,1981-12-13,40,pdf5hoot4t
100000306,379061937874,1999-05-24,22,xo88d017l7
100000307,463616707232,1994-02-01,28,57248bzt31
100000308,572131230368,1965-11-12,56,pdx5nd3w1w
100000309,765337192770,1973-03-12,48,58xhcgyou12
100000310,672409357589,1997-06-12,24,mqecrjuazp
100000311,882507379518,1989-10-12,32,j0zph8fdkl
100000312,543356501747,1986-01-03,36,ne2ar9u3q11
100000313,104448867403,2000-02-15,22,upouya4wu5
100000314,934886583935,1993-11-20,28,169mmg6ewq
100000315,392760558894,2000-12-02,21,6dog360cpt
100000316,156357647379,1999-07-25,22,0zo328ljet
100000317,758800354279,1978-03-16,43,383475mn0y
100000318,838770971490,1984-08-10,37,f9d3tmg6ae
100000319,364846960220,1978-05-04,43,34woeevxs9
100000320,669760897951,2001-02-12,21,pivmldhbmo
100000321,936654105540,1971-10-29,50,ng4p0vr5pw
100000322,456167071155,1996-10-10,25,ubnf6czh7n
100000323,838279268008,1965-08-20,56,e8cct3zfba
100000324,266329372638,1985-04-15,36,xobdn8ekae
100000325,846231041016,1991-04-05,30,h6hqz48k104
100000326,394027564074,1990-02-06,32,quhqv7jfcr
100000327,862930789699,1992-12-15,29,fs49ybrawt
100000328,769098996866,1975-04-08,46,0frvn215vj
100000329,838708896531,1986-10-09,35,efcnlkj45r
100000330,216572232058,1971-02-11,51,f96riehipm
100000331,350067507003,1993-08-28,28,q66jecnrt8
100000332,999175564224,1971-07-26,50,lhsfezmfme
100000333,630056116542,1980-09-25,41,zqth9r0axd
100000334,186823955877,1969-12-28,52,2juh07hcvz
100000335,660204176746,1975-04-06,46,1ie4jvysum
100000336,915248739067,1999-11-18,22,lphv32itvg
100000337,475037875244,1966-04-18,55,jljujt02yo
100000338,976453476453,1995-01-18,27,t7mh9heq0k
100000339,118728440879,1984-01-09,38,1q0p88byei
100000340,664641481129,1969-06-29,52,mbe4dew7d7
100000341,485774117035,1969-01-30,53,0pqhl22tbd
100000342,335685752902,1967-02-07,55,7yekaf6wu14
100000343,234916065467,1987-03-26,34,fp23z1ka2a
100000344,420222219370,1984-07-28,37,r8tyk8tm4v
100000345,134426432161,1999-05-31,22,1fwptkrtns
100000346,547359747287,1993-08-23,28,pdf5hoot4t
100000347,305117168788,2002-09-20,19,xo88d017l8
100000348,123041553831,1979-11-29,42,57248bzt32
100000349,395580081220,1981-05-09,40,pdx5nd3w1w
100000350,993749625607,1965-02-27,57,58xhcgyou13
,,,,
,,,,
,,,,
,,,,
,,,,
,,,,
,,,,
,,,,
,,,,
,,,,
,,,,
,,,,
