log_id,log_date_time,Transaction_id,log_file
10000001,2022-01-20 20:57:04,10000001,efcnlkj45r
10000002,2022-02-22 04:15:44,10000002,f96riehipm
10000003,2022-01-31 17:18:43,10000003,q66jecnrt2
10000004,2022-02-28 09:08:45,10000004,lhsfezmfme
10000005,2022-01-19 14:34:32,10000005,zqth9r0axd
10000006,2022-01-13 09:25:57,10000006,2juh07hcvz
10000007,2022-01-09 23:47:57,10000007,1ie4jvysum
10000008,2022-01-09 13:50:38,10000008,lphv32itvg
10000009,2022-02-27 22:24:03,10000009,jljujt02yo
10000010,2022-02-15 13:57:24,10000010,t7mh9heq0k
10000011,2022-01-03 11:31:37,10000011,1q0p88byei
10000012,2022-02-19 19:38:42,10000012,mbe4dew7d1
10000013,2022-01-28 10:43:45,10000013,0pqhl22tbd
10000014,2022-01-20 20:55:23,10000014,7yekaf6wu8
10000015,2022-02-02 07:38:19,10000015,fp23z1ka2a
10000016,2022-02-20 16:29:32,10000016,r8tyk8tm4v
10000017,2022-02-10 14:18:09,10000017,1fwptkrtns
10000018,2022-02-04 03:10:27,10000018,pdf5hoot4t
10000019,2022-02-17 06:14:08,10000019,xo88d017l2
10000020,2022-02-20 09:39:37,10000020,57248bzt26
10000021,2022-01-05 13:55:06,10000021,pdx5nd3w1w
10000022,2022-01-20 21:07:10,10000022,58xhcgyou7
10000023,2022-01-27 03:36:42,10000023,mqecrjuazp
10000024,2022-01-23 22:50:04,10000024,j0zph8fdkl
10000025,2022-02-25 05:22:09,10000025,ne2ar9u3q6
10000026,2022-02-18 05:41:02,10000026,efcnlkj45r
10000027,2022-02-10 09:26:09,10000027,f96riehipm
10000028,2022-02-01 22:21:10,10000028,q66jecnrt3
10000029,2022-02-07 19:08:44,10000029,lhsfezmfme
10000030,2022-02-02 23:19:02,10000030,zqth9r0axd
10000031,2022-02-28 08:01:33,10000031,2juh07hcvz
10000032,2022-02-14 21:47:59,10000032,1ie4jvysum
10000033,2022-01-01 03:55:42,10000033,lphv32itvg
10000034,2022-02-06 20:43:29,10000034,jljujt02yo
10000035,2022-02-13 04:04:09,10000035,t7mh9heq0k
10000036,2022-01-27 21:43:18,10000036,1q0p88byei
10000037,2022-01-14 04:39:57,10000037,mbe4dew7d2
10000038,2022-02-06 10:03:56,10000038,0pqhl22tbd
10000039,2022-02-01 01:45:04,10000039,7yekaf6wu9
10000040,2022-02-23 10:00:28,10000040,fp23z1ka2a
10000041,2022-02-20 00:42:53,10000041,r8tyk8tm4v
10000042,2022-02-03 20:20:48,10000042,1fwptkrtns
10000043,2022-01-22 00:39:15,10000043,pdf5hoot4t
10000044,2022-02-05 13:15:35,10000044,xo88d017l3
10000045,2022-01-14 13:35:26,10000045,57248bzt27
10000046,2022-01-14 11:00:22,10000046,pdx5nd3w1w
10000047,2022-01-26 13:45:11,10000047,58xhcgyou8
10000048,2022-01-26 19:47:36,10000048,mqecrjuazp
10000049,2022-02-10 11:51:42,10000049,j0zph8fdkl
10000050,2022-01-04 04:44:44,10000050,ne2ar9u3q7
10000051,2022-01-24 18:54:01,10000051,efcnlkj45r
10000052,2022-01-08 03:53:19,10000052,f96riehipm
10000053,2022-02-06 02:44:46,10000053,q66jecnrt4
10000054,2022-02-28 20:18:25,10000054,lhsfezmfme
10000055,2022-02-22 19:11:17,10000055,zqth9r0axd
10000056,2022-01-21 23:10:19,10000056,2juh07hcvz
10000057,2022-01-17 07:56:52,10000057,1ie4jvysum
10000058,2022-01-27 16:24:45,10000058,lphv32itvg
10000059,2022-02-14 04:41:10,10000059,jljujt02yo
10000060,2022-02-16 17:43:21,10000060,t7mh9heq0k
10000061,2022-01-04 02:04:04,10000061,1q0p88byei
10000062,2022-02-08 00:17:46,10000062,mbe4dew7d3
10000063,2022-01-30 12:39:38,10000063,0pqhl22tbd
10000064,2022-01-21 05:48:31,10000064,7yekaf6wu10
10000065,2022-02-13 04:08:38,10000065,fp23z1ka2a
10000066,2022-01-02 00:49:12,10000066,r8tyk8tm4v
10000067,2022-01-04 01:55:07,10000067,1fwptkrtns
10000068,2022-01-30 10:58:47,10000068,pdf5hoot4t
10000069,2022-02-16 04:45:26,10000069,xo88d017l4
10000070,2022-02-08 11:47:05,10000070,57248bzt28
10000071,2022-01-14 06:04:46,10000071,pdx5nd3w1w
10000072,2022-02-25 15:06:59,10000072,58xhcgyou9
10000073,2022-01-16 03:04:26,10000073,mqecrjuazp
10000074,2022-02-10 11:55:49,10000074,j0zph8fdkl
10000075,2022-02-26 15:50:25,10000075,ne2ar9u3q8
10000076,2022-01-30 01:09:54,10000076,efcnlkj45r
10000077,2022-01-17 22:45:56,10000077,f96riehipm
10000078,2022-02-05 08:40:28,10000078,q66jecnrt5
10000079,2022-01-07 04:03:57,10000079,lhsfezmfme
10000080,2022-01-17 18:34:43,10000080,zqth9r0axd
10000081,2022-01-18 18:02:38,10000081,2juh07hcvz
10000082,2022-02-18 23:32:57,10000082,1ie4jvysum
10000083,2022-01-21 08:33:43,10000083,lphv32itvg
10000084,2022-02-25 13:15:32,10000084,jljujt02yo
10000085,2022-02-25 00:28:20,10000085,t7mh9heq0k
10000086,2022-02-21 20:04:55,10000086,1q0p88byei
10000087,2022-01-28 01:00:40,10000087,mbe4dew7d4
10000088,2022-01-20 00:51:31,10000088,0pqhl22tbd
10000089,2022-02-07 07:49:31,10000089,7yekaf6wu11
10000090,2022-01-12 08:58:05,10000090,fp23z1ka2a
10000091,2022-01-17 19:23:10,10000091,r8tyk8tm4v
10000092,2022-01-23 08:15:20,10000092,1fwptkrtns
10000093,2022-01-12 16:43:28,10000093,pdf5hoot4t
10000094,2022-02-17 01:16:46,10000094,xo88d017l5
10000095,2022-01-04 18:43:17,10000095,57248bzt29
10000096,2022-01-06 03:22:46,10000096,pdx5nd3w1w
10000097,2022-02-20 13:31:01,10000097,58xhcgyou10
10000098,2022-02-19 17:20:29,10000098,mqecrjuazp
10000099,2022-01-18 13:17:47,10000099,j0zph8fdkl
10000100,2022-02-05 15:26:53,10000100,ne2ar9u3q9
10000101,2022-02-26 11:41:44,10000101,efcnlkj45r
10000102,2022-02-21 02:45:50,10000102,f96riehipm
10000103,2022-01-31 15:37:16,10000103,q66jecnrt6
10000104,2022-01-29 20:27:38,10000104,lhsfezmfme
10000105,2022-02-23 21:38:59,10000105,zqth9r0axd
10000106,2022-02-23 16:22:54,10000106,2juh07hcvz
10000107,2022-01-05 08:05:47,10000107,1ie4jvysum
10000108,2022-02-13 19:14:07,10000108,lphv32itvg
10000109,2022-02-05 14:28:03,10000109,jljujt02yo
10000110,2022-03-01 23:18:16,10000110,t7mh9heq0k
10000111,2022-02-14 00:28:15,10000111,1q0p88byei
10000112,2022-01-12 17:47:44,10000112,mbe4dew7d5
10000113,2022-01-03 15:01:22,10000113,0pqhl22tbd
10000114,2022-02-14 06:01:09,10000114,7yekaf6wu12
10000115,2022-03-01 14:41:29,10000115,fp23z1ka2a
10000116,2022-01-20 21:11:55,10000116,r8tyk8tm4v
10000117,2022-01-23 04:25:10,10000117,1fwptkrtns
10000118,2022-02-28 08:48:54,10000118,pdf5hoot4t
10000119,2022-01-07 08:13:00,10000119,xo88d017l6
10000120,2022-01-15 15:44:35,10000120,57248bzt30
10000121,2022-01-27 09:06:13,10000121,pdx5nd3w1w
10000122,2022-01-08 21:13:51,10000122,58xhcgyou11
10000123,2022-02-21 17:33:29,10000123,mqecrjuazp
10000124,2022-02-07 07:54:26,10000124,j0zph8fdkl
10000125,2022-02-05 02:32:58,10000125,ne2ar9u3q10
10000126,2022-02-01 09:34:43,10000126,efcnlkj45r
10000127,2022-01-03 23:26:18,10000127,f96riehipm
10000128,2022-02-09 08:27:51,10000128,q66jecnrt7
10000129,2022-01-10 12:39:02,10000129,lhsfezmfme
10000130,2022-01-05 23:24:46,10000130,zqth9r0axd
10000131,2022-02-11 15:43:30,10000131,2juh07hcvz
10000132,2022-01-30 13:19:09,10000132,1ie4jvysum
10000133,2022-02-01 03:16:21,10000133,lphv32itvg
10000134,2022-01-20 18:34:44,10000134,jljujt02yo
10000135,2022-02-16 17:13:41,10000135,t7mh9heq0k
10000136,2022-01-12 18:45:11,10000136,1q0p88byei
10000137,2022-02-24 15:10:13,10000137,mbe4dew7d6
10000138,2022-01-02 06:42:49,10000138,0pqhl22tbd
10000139,2022-01-16 22:57:54,10000139,7yekaf6wu13
10000140,2022-01-03 06:24:31,10000140,fp23z1ka2a
10000141,2022-01-26 18:10:16,10000141,r8tyk8tm4v
10000142,2022-02-10 01:02:17,10000142,1fwptkrtns
10000143,2022-01-31 15:02:52,10000143,pdf5hoot4t
10000144,2022-02-28 18:39:06,10000144,xo88d017l7
10000145,2022-01-04 05:15:48,10000145,57248bzt31
10000146,2022-03-01 07:15:45,10000146,pdx5nd3w1w
10000147,2022-01-31 03:55:43,10000147,58xhcgyou12
10000148,2022-02-15 03:12:48,10000148,mqecrjuazp
10000149,2022-01-16 14:59:51,10000149,j0zph8fdkl
10000150,2022-02-02 11:36:53,10000150,ne2ar9u3q11
10000151,2022-01-08 20:46:13,10000151,efcnlkj45r
10000152,2022-02-04 00:22:53,10000152,f96riehipm
10000153,2022-01-12 05:24:03,10000153,q66jecnrt8
10000154,2022-02-25 01:50:13,10000154,lhsfezmfme
10000155,2022-02-27 17:13:53,10000155,zqth9r0axd
10000156,2022-02-07 19:48:23,10000156,2juh07hcvz
10000157,2022-02-20 11:14:59,10000157,1ie4jvysum
10000158,2022-02-03 08:44:28,10000158,lphv32itvg
10000159,2022-02-21 00:39:57,10000159,jljujt02yo
10000160,2022-01-20 06:26:07,10000160,t7mh9heq0k
10000161,2022-01-11 07:46:57,10000161,1q0p88byei
10000162,2022-02-09 09:51:29,10000162,mbe4dew7d7
10000163,2022-01-23 09:28:10,10000163,0pqhl22tbd
10000164,2022-02-18 09:34:57,10000164,7yekaf6wu14
10000165,2022-01-25 05:22:30,10000165,fp23z1ka2a
10000166,2022-01-02 02:31:44,10000166,r8tyk8tm4v
10000167,2022-01-12 17:31:55,10000167,1fwptkrtns
10000168,2022-02-24 22:42:28,10000168,pdf5hoot4t
10000169,2022-02-17 11:35:21,10000169,xo88d017l8
10000170,2022-01-31 01:35:15,10000170,57248bzt32
10000171,2022-01-12 01:21:09,10000171,pdx5nd3w1w
10000172,2022-01-24 14:18:06,10000172,58xhcgyou13
10000173,2022-01-13 18:43:36,10000173,mqecrjuazp
10000174,2022-02-08 17:00:30,10000174,j0zph8fdkl
10000175,2022-02-21 02:34:34,10000175,ne2ar9u3q12
10000176,2022-01-20 13:59:41,10000176,efcnlkj45r
10000177,2022-01-21 16:33:11,10000177,f96riehipm
10000178,2022-02-23 05:38:17,10000178,q66jecnrt9
10000179,2022-03-01 15:55:04,10000179,lhsfezmfme
10000180,2022-01-08 14:24:50,10000180,zqth9r0axd
10000181,2022-02-18 20:49:55,10000181,2juh07hcvz
10000182,2022-01-11 21:58:28,10000182,1ie4jvysum
10000183,2022-02-08 09:06:43,10000183,lphv32itvg
10000184,2022-02-26 18:09:24,10000184,jljujt02yo
10000185,2022-02-13 10:14:37,10000185,t7mh9heq0k
10000186,2022-01-04 05:10:36,10000186,1q0p88byei
10000187,2022-02-02 14:52:18,10000187,mbe4dew7d8
10000188,2022-01-03 02:53:48,10000188,0pqhl22tbd
10000189,2022-01-04 00:02:35,10000189,7yekaf6wu15
10000190,2022-02-28 17:13:32,10000190,fp23z1ka2a
10000191,2022-01-01 13:03:59,10000191,r8tyk8tm4v
10000192,2022-02-20 07:39:52,10000192,1fwptkrtns
10000193,2022-01-20 03:08:28,10000193,pdf5hoot4t
10000194,2022-02-18 23:21:12,10000194,xo88d017l9
10000195,2022-02-16 20:02:21,10000195,57248bzt33
10000196,2022-01-02 23:28:55,10000196,pdx5nd3w1w
10000197,2022-02-22 22:19:52,10000197,58xhcgyou14
10000198,2022-01-14 23:13:45,10000198,mqecrjuazp
10000199,2022-02-13 21:58:07,10000199,j0zph8fdkl
10000200,2022-01-02 01:55:14,10000200,ne2ar9u3q13
10000201,2022-01-29 11:28:30,10000201,efcnlkj45r
10000202,2022-01-13 04:57:50,10000202,f96riehipm
10000203,2022-01-25 04:25:55,10000203,q66jecnrt10
10000204,2022-02-04 21:59:24,10000204,lhsfezmfme
10000205,2022-02-14 11:42:52,10000205,zqth9r0axd
10000206,2022-01-10 20:09:18,10000206,2juh07hcvz
10000207,2022-02-01 00:37:28,10000207,1ie4jvysum
10000208,2022-01-02 14:47:51,10000208,lphv32itvg
10000209,2022-01-06 15:21:08,10000209,jljujt02yo
10000210,2022-01-30 14:28:56,10000210,t7mh9heq0k
10000211,2022-02-13 17:08:51,10000211,1q0p88byei
10000212,2022-01-29 17:58:17,10000212,mbe4dew7d9
10000213,2022-01-31 13:14:55,10000213,0pqhl22tbd
10000214,2022-01-23 23:41:40,10000214,7yekaf6wu16
10000215,2022-01-08 04:20:30,10000215,fp23z1ka2a
10000216,2022-02-08 14:47:17,10000216,r8tyk8tm4v
10000217,2022-01-23 12:12:43,10000217,1fwptkrtns
10000218,2022-02-17 11:45:01,10000218,pdf5hoot4t
10000219,2022-01-10 13:34:13,10000219,xo88d017l10
10000220,2022-01-23 12:35:24,10000220,57248bzt34
10000221,2022-02-07 22:39:30,10000221,pdx5nd3w1w
10000222,2022-01-02 01:16:11,10000222,58xhcgyou15
10000223,2022-01-31 22:34:29,10000223,mqecrjuazp
10000224,2022-01-03 14:24:59,10000224,j0zph8fdkl
10000225,2022-02-08 15:30:25,10000225,ne2ar9u3q14
10000226,2022-01-15 11:43:25,10000226,efcnlkj45r
10000227,2022-02-08 16:37:30,10000227,f96riehipm
10000228,2022-01-22 11:54:02,10000228,q66jecnrt11
10000229,2022-02-01 02:48:27,10000229,lhsfezmfme
10000230,2022-02-17 06:30:18,10000230,zqth9r0axd
10000231,2022-02-20 01:38:14,10000231,2juh07hcvz
10000232,2022-01-19 04:11:54,10000232,1ie4jvysum
10000233,2022-01-08 05:36:49,10000233,lphv32itvg
10000234,2022-01-27 15:09:00,10000234,jljujt02yo
10000235,2022-02-22 18:23:46,10000235,t7mh9heq0k
10000236,2022-02-05 10:13:05,10000236,1q0p88byei
10000237,2022-01-07 08:39:51,10000237,mbe4dew7d10
10000238,2022-01-13 05:06:41,10000238,0pqhl22tbd
10000239,2022-02-06 12:25:15,10000239,7yekaf6wu17
10000240,2022-02-20 12:40:41,10000240,fp23z1ka2a
10000241,2022-01-24 18:08:32,10000241,r8tyk8tm4v
10000242,2022-02-11 20:52:17,10000242,1fwptkrtns
10000243,2022-02-02 20:31:08,10000243,pdf5hoot4t
10000244,2022-02-15 03:35:48,10000244,xo88d017l11
10000245,2022-01-26 01:35:03,10000245,57248bzt35
10000246,2022-01-30 22:27:09,10000246,pdx5nd3w1w
10000247,2022-01-19 03:14:51,10000247,58xhcgyou16
10000248,2022-01-27 03:49:56,10000248,mqecrjuazp
10000249,2022-02-13 00:59:47,10000249,j0zph8fdkl
10000250,2022-01-26 21:41:50,10000250,ne2ar9u3q15
10000251,2022-02-15 02:57:06,10000251,efcnlkj45r
10000252,2022-02-11 12:26:26,10000252,f96riehipm
10000253,2022-01-07 20:44:51,10000253,q66jecnrt12
10000254,2022-02-12 00:54:31,10000254,lhsfezmfme
10000255,2022-02-11 16:05:19,10000255,zqth9r0axd
10000256,2022-02-08 08:34:43,10000256,2juh07hcvz
10000257,2022-01-14 19:24:38,10000257,1ie4jvysum
10000258,2022-02-15 17:37:20,10000258,lphv32itvg
10000259,2022-02-13 12:05:49,10000259,jljujt02yo
10000260,2022-01-04 02:08:40,10000260,t7mh9heq0k
10000261,2022-02-21 21:13:33,10000261,1q0p88byei
10000262,2022-02-14 12:56:11,10000262,mbe4dew7d11
10000263,2022-02-14 03:21:11,10000263,0pqhl22tbd
10000264,2022-01-28 09:59:28,10000264,7yekaf6wu18
10000265,2022-02-02 17:01:01,10000265,fp23z1ka2a
10000266,2022-02-25 13:11:30,10000266,r8tyk8tm4v
10000267,2022-02-14 20:30:50,10000267,1fwptkrtns
10000268,2022-01-10 13:38:01,10000268,pdf5hoot4t
10000269,2022-01-03 11:33:19,10000269,xo88d017l12
10000270,2022-02-04 15:47:54,10000270,57248bzt36
10000271,2022-02-21 14:29:15,10000271,pdx5nd3w1w
10000272,2022-01-09 13:25:01,10000272,58xhcgyou17
10000273,2022-02-17 19:55:34,10000273,mqecrjuazp
10000274,2022-01-30 20:37:19,10000274,j0zph8fdkl
10000275,2022-02-09 07:30:36,10000275,ne2ar9u3q16
10000276,2022-01-21 01:02:56,10000276,efcnlkj45r
10000277,2022-01-25 00:29:07,10000277,f96riehipm
10000278,2022-01-23 02:37:45,10000278,q66jecnrt13
10000279,2022-02-26 10:57:59,10000279,lhsfezmfme
10000280,2022-02-21 19:27:13,10000280,zqth9r0axd
10000281,2022-01-06 21:36:03,10000281,2juh07hcvz
10000282,2022-01-20 22:38:15,10000282,1ie4jvysum
10000283,2022-01-06 14:02:17,10000283,lphv32itvg
10000284,2022-02-08 09:37:45,10000284,jljujt02yo
10000285,2022-01-10 22:11:43,10000285,t7mh9heq0k
10000286,2022-01-19 02:51:15,10000286,1q0p88byei
10000287,2022-01-07 16:34:47,10000287,mbe4dew7d12
10000288,2022-01-21 21:36:59,10000288,0pqhl22tbd
10000289,2022-01-03 06:30:44,10000289,7yekaf6wu19
10000290,2022-02-05 09:13:39,10000290,fp23z1ka2a
10000291,2022-02-11 05:43:35,10000291,r8tyk8tm4v
10000292,2022-01-15 07:32:38,10000292,1fwptkrtns
10000293,2022-01-18 09:14:31,10000293,pdf5hoot4t
10000294,2022-01-18 16:11:55,10000294,xo88d017l13
10000295,2022-02-10 15:15:52,10000295,57248bzt37
10000296,2022-01-14 07:46:48,10000296,pdx5nd3w1w
10000297,2022-01-11 09:23:43,10000297,58xhcgyou18
10000298,2022-01-20 20:13:13,10000298,mqecrjuazp
10000299,2022-02-20 14:11:23,10000299,j0zph8fdkl
10000300,2022-01-14 03:50:59,10000300,ne2ar9u3q17
