upi_id,account_number_linked,active_status,last_used,transaction_limit_remaining
John1@bank,11000000026,1,2022-01-25,22048
Walter2@bank,11000000027,1,2022-02-24,53586
Amber3@bank,11000000028,1,2022-02-10,68319
Justin4@bank,11000000029,1,2022-02-18,52492
Owen5@bank,11000000030,1,2022-02-17,16134
Audrey6@bank,11000000031,0,2022-02-09,61116
Emily7@bank,11000000032,1,2022-02-27,15370
Eddy8@bank,11000000033,1,2022-02-15,17328
Adrianna9@bank,11000000034,0,2022-03-01,56596
Carina10@bank,11000000035,1,2022-02-23,89425
Melissa11@bank,11000000036,1,2022-02-26,10369
Violet12@bank,11000000037,1,2022-03-01,72556
Adam13@bank,11000000038,1,2022-02-12,99601
Victoria14@bank,11000000039,1,2022-02-05,48980
Daryl15@bank,11000000040,0,2022-02-06,36592
Hailey16@bank,11000000041,1,2022-02-27,27128
Sienna17@bank,11000000042,1,2022-02-25,91390
Heather18@bank,11000000043,1,2022-02-10,10527
Charlie19@bank,11000000044,1,2022-02-05,57150
Nicholas20@bank,11000000045,1,2022-02-12,72277
Sarah21@bank,11000000046,1,2022-02-14,10948
Kirsten22@bank,11000000047,1,2022-02-04,65133
Caroline23@bank,11000000048,1,2022-02-22,87391
Alina24@bank,11000000049,1,2022-02-20,34796
Alexia25@bank,11000000050,1,2022-02-19,99717
Brad26@bank,11000000051,1,2022-02-11,28805
Maximilian27@bank,11000000052,1,2022-02-16,86957
Heather28@bank,11000000053,1,2022-02-23,33535
David29@bank,11000000054,1,2022-02-06,85002
Frederick30@bank,11000000055,1,2022-02-02,1839
Sofia31@bank,11000000056,1,2022-02-13,30586
Ned32@bank,11000000057,1,2022-02-15,4260
Lucy33@bank,11000000058,1,2022-02-18,31063
Miller34@bank,11000000059,1,2022-02-11,42482
Vincent35@bank,11000000060,0,2022-02-21,17944
Amanda36@bank,11000000061,1,2022-02-20,34850
Melissa37@bank,11000000062,0,2022-02-13,81620
Clark38@bank,11000000063,1,2022-02-11,72948
Rebecca39@bank,11000000064,1,2022-02-15,30390
Abraham40@bank,11000000065,1,2022-02-03,20198
Kristian41@bank,11000000066,1,2022-02-08,23067
Adrianna42@bank,11000000067,1,2022-02-10,64463
Kelsey43@bank,11000000068,1,2022-02-24,56654
James44@bank,11000000069,1,2022-02-19,88427
Sawyer45@bank,11000000070,1,2022-02-04,71219
Kristian46@bank,11000000071,1,2022-02-22,92603
Paul47@bank,11000000072,0,2022-02-04,43673
Amber48@bank,11000000073,1,2022-02-14,88624
Daryl49@bank,11000000074,1,2022-02-09,77094
Stuart50@bank,11000000075,1,2022-02-28,91565
Tony51@bank,11000000076,1,2022-02-15,38982
Violet52@bank,11000000077,1,2022-02-26,61314
Maya53@bank,11000000078,1,2022-02-04,46653
Alexia54@bank,11000000079,1,2022-02-01,73504
Agata55@bank,11000000080,1,2022-02-08,47816
Jacob56@bank,11000000081,0,2022-02-15,61758
Stuart57@bank,11000000082,1,2022-02-18,11084
Dominik58@bank,11000000083,1,2022-02-27,75068
Evelyn59@bank,11000000084,1,2022-02-19,44471
Dale60@bank,11000000085,1,2022-03-01,91692
Victoria61@bank,11000000086,1,2022-02-25,63786
Madaline62@bank,11000000087,1,2022-02-07,40773
Melissa63@bank,11000000088,0,2022-02-04,56033
Alford64@bank,11000000089,1,2022-02-13,3092
Abigail65@bank,11000000090,1,2022-02-05,44751
Eleanor66@bank,11000000091,1,2022-02-21,74203
Max67@bank,11000000092,1,2022-02-17,25917
Antony68@bank,11000000093,1,2022-02-08,65719
Lilianna69@bank,11000000094,0,2022-02-14,99482
Maria70@bank,11000000095,1,2022-02-14,58654
Walter71@bank,11000000096,1,2022-02-24,70694
Ellia72@bank,11000000097,1,2022-02-10,84783
Kristian73@bank,11000000098,1,2022-02-19,36170
Michael74@bank,11000000099,0,2022-02-23,69298
Charlie75@bank,11000000100,1,2022-02-04,45354
Sofia76@bank,11000000101,1,2022-02-16,73708
Stuart77@bank,11000000102,1,2022-02-28,68389
Adelaide78@bank,11000000103,1,2022-02-25,8582
Lydia79@bank,11000000104,1,2022-02-19,5806
Evelyn80@bank,11000000105,1,2022-02-04,38081
Kirsten81@bank,11000000106,1,2022-02-26,964
Briony82@bank,11000000107,1,2022-02-06,6834
Tony83@bank,11000000108,1,2022-02-08,87197
Leonardo84@bank,11000000109,1,2022-02-20,12937
Melanie85@bank,11000000110,0,2022-02-06,30715
Freddie86@bank,11000000111,1,2022-02-09,54074
Aiden87@bank,11000000112,0,2022-02-03,82777
Florrie88@bank,11000000113,1,2022-02-19,61215
Sofia89@bank,11000000114,1,2022-02-06,17499
James90@bank,11000000115,1,2022-02-28,66785
Abraham91@bank,11000000116,1,2022-02-26,96996
Chelsea92@bank,11000000117,1,2022-03-01,89292
Vivian93@bank,11000000118,1,2022-02-23,12955
Miller94@bank,11000000119,1,2022-02-01,97176
Carina95@bank,11000000120,1,2022-02-04,33954
Chelsea96@bank,11000000121,1,2022-02-26,64135
Sienna97@bank,11000000122,1,2022-02-16,14380
Anna98@bank,11000000123,0,2022-02-09,45335
Kimberly99@bank,11000000124,1,2022-02-11,57709
Kellan100@bank,11000000125,1,2022-02-20,57367
Cherry101@bank,11000000126,0,2022-02-05,77818
Daisy102@bank,11000000127,1,2022-02-01,87777
Sienna103@bank,11000000128,1,2022-02-27,94347
Maya104@bank,11000000129,1,2022-02-22,51731
Martin105@bank,11000000130,1,2022-03-01,18663
Alfred106@bank,11000000131,1,2022-02-24,29779
Bruce107@bank,11000000132,1,2022-02-02,42178
Michelle108@bank,11000000133,1,2022-02-08,54872
Carlos109@bank,11000000134,1,2022-02-09,85350
Rafael110@bank,11000000135,1,2022-02-27,35569
Alan111@bank,11000000136,0,2022-02-03,42360
Alan112@bank,11000000137,1,2022-02-12,8410
Honey113@bank,11000000138,1,2022-02-12,99986
Alexia114@bank,11000000139,1,2022-02-16,83088
Maya115@bank,11000000140,0,2022-02-04,72566
Rosie116@bank,11000000141,1,2022-02-28,23042
Alina117@bank,11000000142,1,2022-02-10,28653
Valeria118@bank,11000000143,1,2022-02-28,58827
Alen119@bank,11000000144,1,2022-02-16,26595
Kate120@bank,11000000145,1,2022-02-01,6474
Jacob121@bank,11000000146,1,2022-02-08,3552
Luke122@bank,11000000147,1,2022-02-03,36741
Max123@bank,11000000148,1,2022-02-21,95932
Fiona124@bank,11000000149,0,2022-02-01,43528
Jordan125@bank,11000000150,1,2022-02-27,68932
Sam126@bank,11000000151,1,2022-02-10,95642
Melissa127@bank,11000000152,0,2022-02-10,25279
Robert128@bank,11000000153,1,2022-02-25,34302
Fenton129@bank,11000000154,1,2022-02-11,97539
Daryl130@bank,11000000155,1,2022-02-20,14960
George131@bank,11000000156,1,2022-02-09,58113
Kelvin132@bank,11000000157,1,2022-02-02,93602
Valeria133@bank,11000000158,1,2022-02-15,47732
Daniel134@bank,11000000159,1,2022-02-14,81825
Melanie135@bank,11000000160,0,2022-02-22,29877
Jenna136@bank,11000000161,1,2022-02-04,25995
Kelvin137@bank,11000000162,1,2022-02-09,85668
Ted138@bank,11000000163,1,2022-02-06,20380
Stuart139@bank,11000000164,1,2022-02-25,16226
Abraham140@bank,11000000165,1,2022-03-01,38613
Sam141@bank,11000000166,1,2022-02-18,98305
Edwin142@bank,11000000167,1,2022-02-19,30925
Ryan143@bank,11000000168,1,2022-02-28,5072
Tyler144@bank,11000000169,1,2022-02-25,8480
Connie145@bank,11000000170,1,2022-02-10,20483
James146@bank,11000000171,1,2022-02-17,3744
Edwin147@bank,11000000172,0,2022-02-06,76092
Michelle148@bank,11000000173,1,2022-02-22,75034
Alisa149@bank,11000000174,1,2022-02-15,70193
Amanda150@bank,11000000175,1,2022-02-04,78638
Alfred151@bank,11000000176,1,2022-02-23,92498
Emily152@bank,11000000177,1,2022-02-15,55891
Stuart153@bank,11000000178,1,2022-02-20,11016
Nicole154@bank,11000000179,1,2022-02-09,35312
Nicole155@bank,11000000180,1,2022-02-23,32893
Dexter156@bank,11000000181,1,2022-02-05,12526
Kelvin157@bank,11000000182,1,2022-03-01,56510
Amber158@bank,11000000183,0,2022-02-25,47861
Sam159@bank,11000000184,1,2022-02-26,41448
Maximilian160@bank,11000000185,1,2022-02-20,57708
Kristian161@bank,11000000186,1,2022-02-21,91554
Albert162@bank,11000000187,1,2022-02-02,5729
Alen163@bank,11000000188,1,2022-02-09,16310
Fenton164@bank,11000000189,1,2022-02-11,14541
Daryl165@bank,11000000190,1,2022-02-09,59567
Chloe166@bank,11000000191,1,2022-02-02,56717
Carl167@bank,11000000192,0,2022-02-28,77191
Ada168@bank,11000000193,1,2022-02-28,66253
Antony169@bank,11000000194,1,2022-02-17,97504
Rosie170@bank,11000000195,1,2022-02-23,12044
Lenny171@bank,11000000196,1,2022-02-07,17896
Lana172@bank,11000000197,1,2022-03-01,27253
Melanie173@bank,11000000198,1,2022-02-23,9330
David174@bank,11000000199,1,2022-02-15,66418
Roman175@bank,11000000200,1,2022-02-13,77641
Tony176@bank,11000000201,0,2022-02-21,1552
Stuart177@bank,11000000202,1,2022-02-25,2050
Madaline178@bank,11000000203,1,2022-02-14,24001
Elise179@bank,11000000204,1,2022-02-25,37998
Dexter180@bank,11000000205,1,2022-02-16,70417
Fiona181@bank,11000000206,1,2022-02-13,51991
Vanessa182@bank,11000000207,1,2022-02-21,26328
Penelope183@bank,11000000208,1,2022-02-18,86263
Derek184@bank,11000000209,1,2022-02-14,57950
Antony185@bank,11000000210,1,2022-02-23,27505
Ted186@bank,11000000211,1,2022-02-08,16843
Roland187@bank,11000000212,0,2022-02-10,74014
Kelvin188@bank,11000000213,1,2022-02-05,85465
Stuart189@bank,11000000214,1,2022-02-02,42053
Frederick190@bank,11000000215,1,2022-02-12,59034
Alexia191@bank,11000000216,1,2022-02-21,68802
Oscar192@bank,11000000217,1,2022-02-02,23171
Adelaide193@bank,11000000218,1,2022-02-06,99485
Roman194@bank,11000000219,1,2022-02-23,40650
Grace195@bank,11000000220,1,2022-02-16,68895
Roman196@bank,11000000221,1,2022-02-26,91460
Spike197@bank,11000000222,1,2022-02-21,82044
Adrianna198@bank,11000000223,0,2022-02-04,50137
Violet199@bank,11000000224,1,2022-02-12,93962
Darcy200@bank,11000000225,1,2022-02-18,82130
