user_id,user_login_id,user_login_password
100000001,166621761,407215915
100000002,496261980,536667452
100000003,946425911,997070209
100000004,440637128,404150009
100000005,462558817,457713351
100000006,212973292,305752527
100000007,340439846,998803597
100000008,947132311,795079610
100000009,977328816,961065360
100000010,517109985,693475147
100000011,607660925,886909918
100000012,315069025,133955625
100000013,856500048,265620999
100000014,673297154,404721336
100000015,138287955,613350401
100000016,259832869,796095519
100000017,614025326,597684464
100000018,304005780,112621173
100000019,755573557,966795147
100000020,657843443,938095479
100000021,227887776,566936328
100000022,454328433,124702605
100000023,162218200,341100503
100000024,555042873,608838574
100000025,880743310,171893600
100000026,373063091,752994226
100000027,147387242,228057978
100000028,936383707,244018910
100000029,863946869,175578021
100000030,711035683,488641732
100000031,534896447,739007470
100000032,308858361,384248324
100000033,569696480,728690330
100000034,354095904,280137727
100000035,836020985,156099271
100000036,406178544,706909940
100000037,580502715,827842510
100000038,827850172,340924893
100000039,781418231,463305370
100000040,131904603,590145093
100000041,427788130,309778739
100000042,233949018,866917387
100000043,645815035,909722294
100000044,619641331,833708565
100000045,832144248,599019635
100000046,303625395,727395671
100000047,346394929,513274070
100000048,203857608,445898818
100000049,756621094,145993639
100000050,683184220,603765370
100000051,691231327,221614981
100000052,662954254,568368532
100000053,201397253,715472879
100000054,298272482,689830450
100000055,177647513,608848717
100000056,717395702,351342308
100000057,143275622,411009932
100000058,979012774,934516362
100000059,492044560,901621517
100000060,340037291,410617379
100000061,776673234,650075759
100000062,766462559,903389165
100000063,542523668,896213523
100000064,863221567,494694403
100000065,444120668,136728246
100000066,462364978,758851412
100000067,263539164,649443826
100000068,647783465,765484272
100000069,253759517,713894216
100000070,128786059,310556125
100000071,367853775,800521146
100000072,212795470,649258847
100000073,868924163,815727082
100000074,691987183,267364949
100000075,485228193,208413669
100000076,111700328,345861290
100000077,420616210,982006159
100000078,155760201,830087146
100000079,919561446,569877640
100000080,280420347,993664491
100000081,237528214,841172285
100000082,283457125,900270853
100000083,776609523,416975916
100000084,176098702,775363746
100000085,810245766,916348608
100000086,965074696,344478406
100000087,662944232,479734141
100000088,671319331,415412131
100000089,606354331,559574355
100000090,746008044,645762900
100000091,333474881,339523515
100000092,667969082,463755266
100000093,531400595,673482854
100000094,957467033,294472556
100000095,769640093,991825453
100000096,647346199,682494171
100000097,287004836,136784407
100000098,455052284,319045595
100000099,603287704,783225061
100000100,778686496,652203183
100000101,911894498,810168660
100000102,541617069,434117864
100000103,462295379,186796561
100000104,966969666,792852157
100000105,504225753,562619156
100000106,923294962,688050536
100000107,303145111,632485303
100000108,532684246,850629822
100000109,914283443,924637922
100000110,623452343,324896030
100000111,312949710,314657442
100000112,181171894,236438249
100000113,665496842,344505723
100000114,258328349,236854441
100000115,108839662,657679438
100000116,637237325,714425426
100000117,908681366,696458234
100000118,560254275,372434106
100000119,336153642,432206773
100000120,491901990,429646024
100000121,639514581,465536877
100000122,219597687,882813988
100000123,368536696,879801479
100000124,632496155,432788191
100000125,912476572,712877332
100000126,504956114,834316358
100000127,642834511,921565509
100000128,704724985,106876205
100000129,765833489,707327246
100000130,412628732,388433508
100000131,619582822,297667936
100000132,885911083,925957290
100000133,331714513,694538862
100000134,691023015,152511567
100000135,945926355,908960385
100000136,832307059,479003122
100000137,442931580,363061202
100000138,183408193,833980908
100000139,911960974,809316646
100000140,700188350,873604113
100000141,163912269,158460000
100000142,333305149,488931448
100000143,833779202,427898577
100000144,830377550,193507473
100000145,866965472,391123035
100000146,200807147,641867418
100000147,666907916,284242120
100000148,328918337,421647756
100000149,747070695,481161814
100000150,845254263,667635722
100000151,252363637,495873601
100000152,472808354,856040783
100000153,618480858,684700019
100000154,439938362,868807063
100000155,924209769,468107460
100000156,519016397,939760152
100000157,964649660,349842681
100000158,297894479,152199796
100000159,762286151,798743625
100000160,397451519,898187603
100000161,919343871,757748993
100000162,504338160,906771047
100000163,756691034,726573841
100000164,624117116,326826559
100000165,541271952,214485732
100000166,470937696,111760007
100000167,261630796,301922241
100000168,979375308,801190689
100000169,707159161,672717065
100000170,349863237,358753276
100000171,455412921,159887964
100000172,158062590,686626884
100000173,988921728,978790476
100000174,371434651,454252880
100000175,190643031,932522695
100000176,413139799,610404954
100000177,599439887,160407187
100000178,598193273,680361903
100000179,914096553,244868345
100000180,782625290,421003696
100000181,988402864,392819902
100000182,720351705,930363372
100000183,359271201,301596277
100000184,810752179,600245901
100000185,844795918,407379045
100000186,952829904,403253240
100000187,566286489,385930647
100000188,548606167,612782386
100000189,215822936,735252884
100000190,932464530,236697987
100000191,863581171,160605088
100000192,746942837,874397922
100000193,183405038,611275933
100000194,855482566,481423143
100000195,453770592,581793231
100000196,334448675,895709210
100000197,648868567,198133250
100000198,939958977,771698484
100000199,182060073,811270191
100000200,608402440,411048421
100000201,964033711,529468429
100000202,445732076,526371744
100000203,329771451,439503069
100000204,351509194,733672642
100000205,912637476,912005566
100000206,635129740,822811607
100000207,367824464,512935596
100000208,528620946,787912953
100000209,889872102,671405285
100000210,111862206,222157199
100000211,425425187,192422852
100000212,810124672,656473944
100000213,149793272,174328749
100000214,732567786,288430499
100000215,777748661,256588736
100000216,614968954,246817504
100000217,590449669,110062046
100000218,745750289,636353706
100000219,333063246,603820097
100000220,365617982,924412356
100000221,224808133,969057648
100000222,976226686,363123598
100000223,704528977,999678083
100000224,799662185,882603074
100000225,641896632,212878464
100000226,739707236,367930075
100000227,184812900,662698370
100000228,588381614,718950623
100000229,697059438,690283686
100000230,841758904,339666435
100000231,902699169,480868479
100000232,571249588,666118494
100000233,582817072,317574925
100000234,388157566,598063708
100000235,530031771,303511877
100000236,627180347,281726503
100000237,122545744,907824738
100000238,909512334,306391963
100000239,524613167,558874846
100000240,868265836,736067025
100000241,998039120,403238615
100000242,282050279,934906240
100000243,240092335,306403518
100000244,659813633,549175796
100000245,368987632,237655379
100000246,608578029,743375281
100000247,607410254,244514912
100000248,741688605,119472291
100000249,967508067,832070176
100000250,308890939,568316168
100000251,994031969,759607321
100000252,550278158,455032550
100000253,954079403,105067518
100000254,857279439,145968113
100000255,276978671,220121489
100000256,517841606,665529197
100000257,502587825,262181346
100000258,696285812,575574070
100000259,123583943,590655860
100000260,156571249,397972231
100000261,341656894,313452644
100000262,550493985,129198671
100000263,859933132,765455133
100000264,918383585,202605571
100000265,717036571,256834214
100000266,461888481,744096226
100000267,621105250,898033184
100000268,758275873,796663120
100000269,655547175,256595912
100000270,369197546,691552895
100000271,919621768,434257496
100000272,419024380,753159946
100000273,104922054,140512864
100000274,557639848,702162050
100000275,738916775,639913867
100000276,998067578,179492042
100000277,795865834,237372803
100000278,612622407,941652089
100000279,557178396,350586328
100000280,553608073,366341385
100000281,822742094,977217757
100000282,321191851,973671166
100000283,533571361,461628970
100000284,756284424,181229507
100000285,967527369,280739042
100000286,678419519,116343211
100000287,243635454,319072444
100000288,295204603,353036679
100000289,398016265,871373746
100000290,372405589,697945520
100000291,833565612,968499384
100000292,502700048,743900434
100000293,455734339,353904330
100000294,841215233,243716913
100000295,374113406,168239617
100000296,470849698,533130694
100000297,311613986,916742297
100000298,117814730,680592452
100000299,934010848,875677209
100000300,994640875,544125624
100000301,408210751,731580587
100000302,904953782,329569277
100000303,760102143,171027723
100000304,691574328,329745590
100000305,126084802,843728291
100000306,750944416,866444045
100000307,646778915,691635878
100000308,315587899,794199955
100000309,208945818,569195173
100000310,429415547,970822823
100000311,400850205,911659805
100000312,304364053,370224257
100000313,957256535,540472427
100000314,561376653,450588558
100000315,859638397,716949522
100000316,773403649,889172673
100000317,553212925,171959965
100000318,956302091,724422338
100000319,799877010,492994032
100000320,697688837,378623910
100000321,911366959,448119520
100000322,190452610,968509485
100000323,582897187,365002310
100000324,602325185,697195545
100000325,458630202,972686625
100000326,985278377,885221123
100000327,117624306,703500516
100000328,217244159,169485259
100000329,434994418,355653545
100000330,596502533,331348088
100000331,387066474,636268300
100000332,537863403,215404457
100000333,872027763,156238995
100000334,775362986,451373356
100000335,776261906,688004403
100000336,173543893,877642890
100000337,650053142,844689827
100000338,117493803,197304538
100000339,760062241,102802535
100000340,658749526,138600084
100000341,756887504,493512912
100000342,972056820,180748360
100000343,257663815,991335121
100000344,148005551,183842617
100000345,471119020,159615328
100000346,843987893,695193918
100000347,337459777,184583898
100000348,915069465,812993261
100000349,571121173,372834323
100000350,885600892,666881941
100000351,760569967,569022912
100000352,629168702,720931306
100000353,327351168,203467253
100000354,540296803,841172098
100000355,984316744,624350429
100000356,986726317,872280631
100000357,369951920,341666292
100000358,670754001,287980921
100000359,707949439,184183177
100000360,635686974,670384798
100000361,736275198,484940877
100000362,576729565,714647681
100000363,832080377,492567607
100000364,741372063,678316352
100000365,693665613,596515302
100000366,183480740,907496166
100000367,620580770,634728935
100000368,707734374,583939694
100000369,401693564,466917293
100000370,260819348,784395088
100000371,699094719,479170535
100000372,985948721,613645234
100000373,224996739,983927877
100000374,114940538,629779937
100000375,297864869,680052597
100000376,273466671,390094373
100000377,532988817,391901293
100000378,380422126,300884931
100000379,948223233,653720128
100000380,830979928,698163191
100000381,625915291,900467663
100000382,428168376,839342926
100000383,471886210,661317073
100000384,222178086,370245145
100000385,708085285,784760491
100000386,296577165,495846950
100000387,260102482,700614487
100000388,811753183,127170456
100000389,388579721,304564068
100000390,347837707,977227014
100000391,725738029,934497353
100000392,140794439,314223038
100000393,627334796,158156011
100000394,149020013,555081101
100000395,825542614,860995722
100000396,435533744,953083189
100000397,260221815,578122713
100000398,778496407,633008901
100000399,992126948,660312752
100000400,595342856,289996717
100000401,730592148,571055487
100000402,162238977,655532881
100000403,385590207,237992918
100000404,648950602,558069369
100000405,726729150,600788545
100000406,351666145,855950568
100000407,673272811,920190842
100000408,364039127,387307480
100000409,274745843,315718868
100000410,964965082,482647805
100000411,372768966,146942002
100000412,344695126,989874078
100000413,164690566,724752161
100000414,827195868,413812143
100000415,448119413,152403338
100000416,353632935,620001542
100000417,693969824,933547848
100000418,960986876,769021473
100000419,232014222,617222989
100000420,551673200,458100365
100000421,696670555,562989929
100000422,899260253,952842628
100000423,357871419,727514880
100000424,955651892,596825661
100000425,689961758,185189492
100000426,514179943,320360001
100000427,424816450,877355308
100000428,477751217,913210946
100000429,209477814,128828631
100000430,882393338,137464333
100000431,585873591,707285005
100000432,524184835,595451418
100000433,324433529,425284413
100000434,435642438,119767206
100000435,845089814,479991720
100000436,399236854,155516464
100000437,520194028,589725132
100000438,477948262,673166463
100000439,772847411,856164335
100000440,181845020,499493873
100000441,111119479,857250632
100000442,485826822,226373643
100000443,500281100,648451737
100000444,516234939,146415970
100000445,699728161,223151754
100000446,846373778,341123649
100000447,233501296,499525139
100000448,585553955,483290267
100000449,229568254,868493253
100000450,229558511,609323395
100000451,936234767,251434723
100000452,418019240,419155240
100000453,588662078,287478152
100000454,835697762,398054801
100000455,765529384,147767344
100000456,808786362,354204320
100000457,707983583,471430904
100000458,306832210,183134052
100000459,809329688,837553794
100000460,427560834,611368554
100000461,165152953,645739879
100000462,841608981,619838220
100000463,467015164,230440325
100000464,721916893,987221891
100000465,947379752,300729380
100000466,607276446,235445834
100000467,734403375,286330682
100000468,919353422,366669489
100000469,449658300,305184762
100000470,999527016,792398456
100000471,503255120,809521157
100000472,377309422,711603364
100000473,784317527,242133249
100000474,161176902,663174872
100000475,861979043,757292628
100000476,429676600,377556401
100000477,156249064,260487384
100000478,434051635,778380262
100000479,189018174,165990096
100000480,930789268,434358699
100000481,114485943,493285969
100000482,184949190,158087107
100000483,863311300,143811481
100000484,803437226,466898365
100000485,525276485,853522505
100000486,916181808,513125890
100000487,977256598,278843702
100000488,156139130,910310468
100000489,624395573,981929055
100000490,243951819,907807580
100000491,526766165,363325994
100000492,846730132,730266858
100000493,397158394,487587756
100000494,503695045,608470745
100000495,570283907,440686281
100000496,134259345,993510796
100000497,803449199,691871200
100000498,220529789,603281419
100000499,294050805,340587843
100000500,679258129,286379251
100000501,712050440,958966621
100000502,765077987,867873280
100000503,894435449,979040584
100000504,823633070,529777586
100000505,833655136,472117691
100000506,300179492,668701718
100000507,389808873,265571720
100000508,505752381,107919234
100000509,945168019,593722047
100000510,112398414,541394854
100000511,804227299,577517782
100000512,243737052,975115785
100000513,879249036,529550847
100000514,413725668,454920126
100000515,123096814,732690706
100000516,250533768,430000284
100000517,812524444,702611383
100000518,893509606,774045012
100000519,407029059,615987940
100000520,628038510,649789336
100000521,823489890,230552064
100000522,798400968,462355746
100000523,964257090,392956858
100000524,424355573,558537458
100000525,106850947,692013248
100000526,518977744,926007852
100000527,924266153,473891243
100000528,328218881,662809260
100000529,724895519,861956311
100000530,165718514,984417894
100000531,125703523,475728195
100000532,317668275,125793334
100000533,548464293,593757133
100000534,124122569,468265156
100000535,430167393,365830733
100000536,976264972,866603800
100000537,590183584,526729341
100000538,789028591,787458455
100000539,300134787,461682446
100000540,639447281,165363577
100000541,260847443,301746027
100000542,591562501,382131809
100000543,434073222,603587208
100000544,236068207,526635845
100000545,986183365,274758465
100000546,348649606,668269406
100000547,234691532,913658159
100000548,845723862,803867829
100000549,505708993,328263004
100000550,984654177,916219300
100000551,697320391,803696776
100000552,101172439,615733786
100000553,837984292,294147603
100000554,997464199,755141088
100000555,344572512,897003957
100000556,526960072,691611679
100000557,437287052,117852236
100000558,267217758,879342730
100000559,400718818,984731892
100000560,620311298,367900830
100000561,685586498,313406953
100000562,634871100,443496872
100000563,194625844,146076413
100000564,948408409,819485022
100000565,860663057,981665108
100000566,709937984,272887102
100000567,603635904,423426307
100000568,457375156,751368909
100000569,996319382,589928106
100000570,901983140,182119977
100000571,902430544,158527276
100000572,362596655,294362679
100000573,403851258,240162020
100000574,808832011,191148456
100000575,460704267,263784654
100000576,717448998,745662542
100000577,655293409,985135261
100000578,935962585,950987872
100000579,541384254,424020567
100000580,338078479,670272958
100000581,138429455,287060536
100000582,866174499,443165464
100000583,587168382,798317284
100000584,595561152,432438203
100000585,981151158,351702974
100000586,146383670,196729925
100000587,547312707,619020312
100000588,973590802,557599462
100000589,508476629,712420530
100000590,509270605,974557150
100000591,188885739,765540965
100000592,629784032,834865254
100000593,139382991,483231303
100000594,201513600,316724107
100000595,857116461,924289441
100000596,891757953,257582112
100000597,752583141,347756865
100000598,947467465,792882332
100000599,897998160,832886165
100000600,765327240,565313345
100000601,850473035,201768750
100000602,237402225,107848110
100000603,432970763,946740379
100000604,131483836,394382856
100000605,428698864,321070290
100000606,692794867,925036392
100000607,780288918,159151216
100000608,461263763,366112749
100000609,515141117,483573721
100000610,227671413,120900671
100000611,250593822,652278229
100000612,683172332,341981600
100000613,176585305,334687279
100000614,694625657,160201099
100000615,905241302,355644510
100000616,196529793,753152497
100000617,603946363,348505326
100000618,676894157,886708699
100000619,655099501,641276950
100000620,535916715,668168179
100000621,877637055,403799136
100000622,863746672,456862923
100000623,294814148,790154879
100000624,356838906,697082501
100000625,383517784,363433699
100000626,525454787,204935849
100000627,512949712,223329159
100000628,730798747,542895955
100000629,596838123,718591406
100000630,786230466,417415676
100000631,291950121,902891000
100000632,909151077,101884899
100000633,576677953,235060826
100000634,778780170,411608032
100000635,413522388,972910312
100000636,139437855,183262381
100000637,616619036,617853834
100000638,552498921,458862990
100000639,914832234,228530514
100000640,995337487,965580520
100000641,478724879,592542508
100000642,898833135,766371721
100000643,698810493,272597797
100000644,611931414,632382670
100000645,597380187,586961742
100000646,551969008,333136150
100000647,787904347,543519223
100000648,501681167,532835897
100000649,177138125,385301761
100000650,420758322,725500426
100000651,624767826,975485588
100000652,363326347,594421741
100000653,924446973,618119334
100000654,208671392,475543288
100000655,765671003,382761322
100000656,485854765,574236670
100000657,846974572,446424666
100000658,482571343,491665231
100000659,682817116,543435059
100000660,492762874,173050259
100000661,826222595,195755613
100000662,358232808,884865038
100000663,790292817,294841019
100000664,468015541,451992734
100000665,819219435,597029043
100000666,180781716,756484695
100000667,435036131,642802609
100000668,254431055,885590404
100000669,873303822,894963543
100000670,691612258,463612682
100000671,448992238,529916309
100000672,717658504,356840919
100000673,644358395,391996624
100000674,889840295,176870020
100000675,641537381,104284777
100000676,124480743,550116970
100000677,693325659,205872923
100000678,115982286,871964261
100000679,422285989,979425474
100000680,792868284,825910914
100000681,898436026,332459517
100000682,408301805,151181098
100000683,683557026,978521274
100000684,433025273,767779315
100000685,961300285,521847888
100000686,908145394,273894295
100000687,439059478,811747043
100000688,213610122,176319805
100000689,103866801,595431209
100000690,419592975,586208750
100000691,510768721,944096892
100000692,655380191,847610067
100000693,950216125,754399372
100000694,660876718,379012677
100000695,379498841,872953567
100000696,175700987,714261186
100000697,362263554,855973209
100000698,580277217,270999213
100000699,366337828,449582549
100000700,181676806,846085874
100000701,251662447,362703354
100000702,347583151,908628488
100000703,591896317,446800195
100000704,937101191,604353966
100000705,621549568,502287579
100000706,473706093,398536142
100000707,768231782,996256331
100000708,708991959,618705948
100000709,901245239,810615393
100000710,355669872,839554236
100000711,414344526,893088350
100000712,533167111,709017206
100000713,924619813,569126134
100000714,291948407,101296074
100000715,950302255,893145110
100000716,725133985,905854255
100000717,968560029,489072199
100000718,664004741,804166251
100000719,417335304,108545417
100000720,702505813,132635888
100000721,711816598,839906900
100000722,333887572,991692621
100000723,491654485,441027348
100000724,678226043,100210568
100000725,596487158,966770695
100000726,864871206,350236779
100000727,608278683,679360827
100000728,930072102,330283753
100000729,574485940,192928625
100000730,532377750,123425291
100000731,987819834,827037647
100000732,751227056,367976343
100000733,299575212,357015367
100000734,455800351,189053367
100000735,563957624,819519216
100000736,439148523,965768586
100000737,881879507,392073543
100000738,548349446,514748532
100000739,342246721,136513790
100000740,385531007,121180811
100000741,356278234,213624429
100000742,951672822,885341431
100000743,481934280,414071503
100000744,288849136,628765600
100000745,828668321,247389563
100000746,294755283,199676486
100000747,381625951,913726776
100000748,822785364,463333143
100000749,454812232,393785408
100000750,792480913,467505114
100000751,566923196,711484110
100000752,658787678,445804689
100000753,775333715,595942017
100000754,978246414,198139146
100000755,123565743,728134646
100000756,459068914,355686140
100000757,777396829,650750940
100000758,347141976,861702703
100000759,893147185,734207418
100000760,327550430,744876970
100000761,178700927,278325983
100000762,671470251,921105614
100000763,350132474,427800479
100000764,930570056,476377043
100000765,532647412,944265089
100000766,338753254,878271621
100000767,508691548,901603595
100000768,176614818,958426388
100000769,734881288,411229468
100000770,253880219,851690023
100000771,365772197,186615450
100000772,674905831,869711259
100000773,970883676,781611215
100000774,641679130,504019122
100000775,172872195,284374930
100000776,176354158,574491804
100000777,281888492,281438410
100000778,683948024,768255690
100000779,443129172,476967335
100000780,637222471,207854524
100000781,342119930,827171618
100000782,325861177,978893872
100000783,742633257,234632755
100000784,235769197,970765701
100000785,134194356,811673788
100000786,690669279,800533228
100000787,285276607,124495252
100000788,215218070,212199110
100000789,881503016,343389915
100000790,948741778,660554524
100000791,248989914,360748085
100000792,222587084,991334339
100000793,146490196,273651769
100000794,597252791,334768259
100000795,257875461,926571224
100000796,462228050,106669637
100000797,431963244,451026502
100000798,920191933,405350301
100000799,129532024,941124306
100000800,985368362,950865708
