{
    "branch":{
        "ifsc_code": "IFSC Code (6 digits): ",
        "branch_name": "Branch Name: ",
        "branch_account_number": "Branch Account Number (11 digits): ",
        "street": "Street Address: ",
        "city_village_town": "City/Village/Town: ",
        "district": "District: ",
        "state": "State: ",
        "pincode": "Pincode (6 digits): ",
        "opening_date": "Opening Date (YYYY-MM-DD): "
    },

    "bank_account":{
        "account_number": "Account Number (11 digits): ",
        "date_of_opening": "Date of Opening (YYYY-MM-DD): ",
        "min_balance_required": "Minimum balance required: ",
        "account_balance": "Account balance: ",
        "ifsc_code": "IFSC Code (6 digits): ",
        "interest_rate": "Interest Rate: ",
        "withdrawal_limit": "Withdrawal Limit: "
    },

    "department":{
        "department_id": "Department Id: ",
        "department_name": "Department Name: "
    },

    "employee":{
        "employee_id": "Employee ID (5 Digits): ",
        "pan_number": "Pan Number (10 Digits): ",
        "aadhaar_number": "Aadhaar Number (12 Digits): ",
        "first_name": "First Name: ",
        "last_name": "Last Name: ",
        "employee_account_number": "Employee Account Number (11 Digits): ",
        "department": "Department ID (1 to 7): ",
        "apartment": "Apartment: ",
        "street": "Street: ",
        "city_village_town": "City/Village/Town: ",
        "district": "District: ",
        "state": "State: ",
        "pincode": "Pincode (6 Digits): ",
        "dob": "Date of Birth (YYYY-MM-DD): ",
        "age": "Age (18 or Above) :",
        "employee_phone_number": "Employee Phone Number (10 Digits): ",
        "ifsc_code": "IFSC Code (6 Digits): ",
        "photo": "Photo: "
    },

    "branch_managed_by":{
        "ifsc_code": "IFSC Code (6 Digits): ",
        "employee_id": "Employee ID (5 digits): ",
        "manages_from": "Manages From (YYYY-MM-DD): ",
        "manages_till": "Manages Till (YYYY-MM-DD): "
    },

    "customer":{
	    "cin": "Customer ID (9 Digits): ",
        "pan_number": "Pan Number (10 Digits): ",
        "first_name": "First Name: ",
        "last_name": "Last Name: ",
        "Building": "Building: ",
        "street": "Street: ",
        "city_village_town": "City/Village/Town: ",
        "district": "District: ",
        "state": "State: ",
        "pincode": "Pincode (6 Digits): "
    },

    "customer_phone_number":{
        "cin": "Customer ID (9 Digits): ",
        "phone_number": "Phone Number (10 Digits): "
    },

    "collateral":{
	    "collateral_id": "Collateral ID (5 Digits): ",
        "collateral_name": "Collateral Name: ",
        "collateral_value": "Collateral Value: ",
        "collateral_owner": "Collateral Owner ID (9 Digits): "
    },

    "documents_link":{
        "document_id": "Document ID (5 Digits): ",
        "collateral_id": "Collateral ID (5 Digits): ",
        "document_link": "Document Link: "    
    },

    "personal_customer":{
        "cin": "Customer ID (9 Digits): ",
        "aadhaar_number": "Aadhaar Number (12 Digits): ",
        "dob": "Date of Birth (YYYY-MM-DD): ",
        "age": "Age (18 or Above) :",
        "photo": "Photo: "
    },

    "business_customer":{
        "cin": "Customer ID (9 Digits): ",
        "gst": "GST Number: ",
        "business_name": "Business Name: ",
        "business_logo": "Business Logo: "
    },

    "savings_account":{
	    "account_number" : "Account Number (11 digits): ",
        "cin": "Customer ID (9 Digits): "
    },

    "current_account":{
        "account_number": "Account Number (11 digits): ",
        "cin": "Customer ID (9 Digits): ",
        "maintance_charges": "Mantainence Charges: "
    },

    "minor_account":{
        "account_number": "Account Number (11 digits): ",
        "minor_first_name": "Minor First Name: ",
        "minor_last_name": "Minor Last Name: ",
        "parent_cin": "Parent's Customer ID (9 Digits): ",
        "parent_account_number": "Parent's Account Number (11 Digits): "
    },

    "zero_balance_account":{
        "account_number": "Account Number (11 digits): ",
        "cin": "Customer ID (9 Digits): "
    },

    "card":{
        "card_number": "Card Number (12 Digits): ",
        "linked_mobile_number": "Mobile Number (10 Digits): ",
        "card_pin": "Card PIN (4 Digits): ",
        "issued_date": "Card Issued Date (YYYY-MM-DD): ",
        "expiry_date": "Card Expiry Date (YYYY-MM-DD): ",
        "cvv": "CVV (3 Digits): ",
        "daily_limit": "Daily Transaction Limit :",
        "monthly_limit": "Monthly Transaction Limit :"
    },

    "debit_card":{
        "card_number": "Card Number (12 Digits): ",
        "linked_account": "Linked Account Number (11 Digits): "
    },

    "prepaid_card":{
        "card_number": "Card Number (12 Digits): ",
        "cin": "Customer ID (9 Digits): ",
        "prepaid_balance": "Balance Amount: "
    },

    "atm_card":{
	    "card_number": "Card Number (12 Digits): ",
	    "linked_account": "Linked Account Number (11 Digits): ",
        "cash_withdrawl_limit": "Cash Withdrawal Limit: " 
    },

    "credit_card":{
	    "card_number": "Card Number (12 Digits): ",
        "cin": "Customer ID (9 Digits): ",
        "billing_date": "Billing Date (YYYY-MM-DD): ",
        "due_date": "Due Date (YYYY-MM-DD): ",
        "credit_limit": "Credit card limit: ",
        "total_amount_due": "Total amount due: ",
        "rewards_point": "Rewards point: ",
        "minimum_amount_due": "Minumum due amount: "
    },

    "account_linked_creditcard":{
        "card_number": "Card Number (12 Digits): ",
        "linked_account": "Linked Account Number (11 Digits): "  
    },

    "loan":{
	    "loan_id": "Loan ID (5 Digits): ",
        "loan_amount": "Loan Amount: ",
        "interest_rate": "Interest Rate: ",
        "tenure_months": "Tenure (in months): ",
        "loan_issued_date": "Loan Issued Date (YYYY-MM-DD): ",
        "loan_end_date": "Loan End Date (YYYY-MM-DD): ",
        "loan_given_to": "Reciever Customer ID (9 Digits): ",
        "emi_amount": "EMI Amount: "    
    },

    "collateral_loan":{
        "loan_id": "Loan ID (5 Digits): ",
        "collateral_id": "Collateral ID (5 Digits): ", 
        "loan_type": "Loan Type (Vehicle/Home/Mortgage): "
    },

    "non_collateral_loan":{
        "loan_id": "Loan ID (5 Digits): ",
        "loan_type": "Loan Type (Personal/Educational/Business/Rural Development): "
    },

    "documents_pdf":{
        "document_id": "Document ID (5 Digits): ",
        "loan_id": "Loan ID (5 Digits): ",
        "document_pdf": "PDF Document Link: "
    },

    "loan_account":{
        "loan_id": "Loan ID (5 Digits): ",
        "account_number": "Account Number (11 digits): "
    },

    "insurance":{
        "policy_id": "Insurance Policy ID (6 Digits): ",
        "policy_start_date": "Policy start date (YYYY-MM-DD): ",
        "policy_duration_years": "Policy duration (in yrs): ",
        "policy_expiry_date": "Policy expiry date (YYYY-MM-DD): ",
        "premium_amount": "Premium Amount: ",
        "sum_insured": "Sum Insured: ",
        "unclaimed_amount": "Unclaimed Amount: ",
        "nominee_id": "Nominee Customer ID (9 Digits): "
    },

    "asset_insurance":{
        "policy_id": "Insurance Policy ID (6 Digits): ",
        "asset_document": "Asset Document (Blob/String): ",
        "asset_value": "Asset Value: "
    },

    "loan_protection_insurance":{
        "policy_id": "Insurance Policy ID (6 Digits): ",
        "loan_id": "Loan ID (5 Digits): "
    },

    "term_life_insurance":{
        "policy_id": "Insurance Policy ID (6 Digits): ",
        "insured_person": "Insured Personal Customer ID (9 Digits): "
    },

    "medical_insurance":{
        "policy_id": "Insurance Policy ID (6 Digits): ",
        "insured_person": "Insured Personal Customer ID (9 Digits): "
    },

    "transaction_details":{
        "transaction_id": "Transaction ID (8 Digits): ",
        "from_account_number": "Sender Account Number (11 Digits): ",
        "to_account_number": "Reciever Account Number (11 Digits): ",
        "transaction_date_time": "Transaction DateTime (YYYY-MM-DD HH:MM:SS): ",
        "transaction_status": "Transaction status (success/failed): ",
        "transaction_amount": "Transaction amount: ",
        "transaction_type": "Transaction type (NEFT/RTGS/IMPS): "    
    },

    "passbook":{
        "barcode": "Barcode (6 Digits): ",
        "passbook_account_number": "Account Number (11 Digits): ",
        "date_issued": "Issued Date (YYYY-MM-DD): ",
        "date_last_printed": "Last Printed Date (YYYY-MM-DD): "
    },

    "upi":{
        "upi_id": "UPI ID (abc@bank - Max 15 char): ",
        "account_number_linked": "Linked Account Number (11 Digits): ",
        "active_status": "Active status (0/1): ",
        "last_used": "Last used date(YYYY-MM-DD): ",
        "transaction_limit_remaining": "Remaining transaction limit: "
    },

    "upi_transactions":{
        "upi_transaction_id": "UPI Transaction ID (8 Digits): ",
        "from_upi_id": "Sender UPI ID (abc@bank - Max 15 char): ",
        "to_upi_id": "Reciever UPI ID (abc@bank - Max 15 char): ",
        "transaction_date_time": "Transaction DateTime (YYYY-MM-DD HH:MM:SS): ",
        "transaction_status": "Transaction status (success/failed): ",
        "transaction_amount": "Transaction amount: "
    },

    "bill_payment":{
        "bill_id": "Bill ID (10 Digits): ",
        "transaction_id": "Transaction ID (8 Digits): "
    },

    "card_transactions":{
        "transaction_id": "Transaction ID (8 Digits): ",
        "from_card_number": "Sender Card Number (12 Digits): ",
        "to_card_number": "Reciever Card Number (12 Digits): ",
        "transaction_date_time": "Transaction DateTime (YYYY-MM-DD HH:MM:SS): ",
        "transaction_status": "Transaction status (success/failed): ",
        "transaction_amount": "Transaction amount: "
    },

    "auto_payment":{
        "auto_payment_id": "Auto Payment ID (6 Digits): ",
        "payment_date": "Payement Date (YYYY-MM-DD): ",
        "payment_frequency": "Payment frequency: ",
        "autodebit_account_number": "Autodebit account number (11 Digits): "
    },

    "auto_payment_loan":{
        "auto_payment_id": "Auto Payment ID (6 Digits): ", 
        "linked_loan_account": "Linked Account Number (11 Digits): "
    },

    "auto_bill_payment":{
        "auto_payment_id": "Auto Payment ID (6 Digits): ",
        "bill_id": "Bill ID (10 Digits): "
    },

    "transaction_log":{
        "log_id": "Transaction Log ID (8 Digits): ",
        "log_date_time datetime": "Transaction Log DateTime (YYYY-MM-DD HH:MM:SS): ",
        "transaction_id": "Transaction ID (8 Digits): ",
        "log_file": "Transaction Log file (Blob/String): "
    },    

    "ad_channel":{
        "channel_id": "Channel ID (3 Digits): ",
        "channel_name": "Channel Name: ",
        "channel_link": "Channel Link: "
    },

    "advertisement":{
        "advertisemnt_id": "Advertisemnt ID (4 Digits): ",
        "total_cost": "Total cost: ",
        "ad_type": "Ad type (social-media/offline/on-site/other-online): ",
        "channel_id": "Channel ID (3 Digits): ",
        "authorized_by": "Authorizer Employee ID (5 Digits): "
    },

    "user_credential":{
        "user_id": "User Customer ID (9 Digits): ",
        "user_login_id": "User login ID (9 Digits): ",
        "user_login_password": "User login Password: "
    },

    "employee_credential":{
        "employee_id": "Employee ID (5 Digits): ",
        "employee_login_id": "Employee login ID (9 Digits): ",
        "employee_login_password": "Employee Login Password: "
    },

    "closed_account":{
        "account_number": "Account Number (11 digits): ",
        "date_of_closing": "Closing date (YYYY-MM-DD): "
    },

    "blocked_card":{
        "card_number": "Card Number (12 Digits): ",
        "date_of_blocking": "Blocking date (YYYY-MM-DD): "
    },

    "fixed_deposit":{
        "account_number": "Account Number (11 digits): ",
        "cin": "Customer ID (9 Digits): ",
        "start_date": "Start date (YYYY-MM-DD): ",
        "duration_years": "Duration (in yrs): ",
        "maturity_date": "Maturity date (YYYY-MM-DD): ",
        "fixed_amount": "Fixed Deposit Amount: ",
        "interest_rate": "Interest Rate: "
    },

    "recurring_deposit":{
	    "account_number": "Account Number (11 digits): ",
        "cin": "Customer ID (9 Digits): ",
        "start_date": "Start date (YYYY-MM-DD): ",
        "duration_years": "Duration (in yrs): ",
        "maturity_date": "Maturity date (YYYY-MM-DD): ",
        "monthly_deposit_amount": "Monthly deposit amount: ",
        "interest_rate": "Interest Rate: "
    },

    "chequebook":{
        "account_number": "Account Number (11 digits): ",
        "micr_code":  "MICR code (9 Digits): ",
        "date_issued": "Issued Date (YYYY-MM-DD): ",
        "starting_cheque_number": "Starting cheque number (11 Digits): ",
        "pages": "Number of Pages: "
    },

    "bank_statement":{
        "account_number": "Account Number (11 digits): ",
        "date_issued": "Issued Date (YYYY-MM-DD): ",
        "info_from_date": "Information starting date (YYYY-MM-DD): ",
        "info_till_date": "Information till date (YYYY-MM-DD): "    
    },

    "otps":{
        "cin": "Customer ID (9 Digits): ",
        "valid_from": "Valid from timestamp (YYYY-MM-DD HH:MM:SS): ",
        "account_number": "Account Number (11 digits): ",
        "valid_till": "Valid till timestamp (YYYY-MM-DD HH:MM:SS): ",
        "otp": "OTP (6 Digits): "
    },

    "installment":{
        "loan_id": "Loan ID (5 Digits): ",
        "transaction_date_time": "Transaction DateTime (YYYY-MM-DD HH:MM:SS): ",
        "transaction_status": "Transaction status (success/failed): ",
        "transaction_amount": "Transaction amount: ",
        "transaction_type": "Transaction type (NEFT/RTGS/IMPS): "
    }
}
