Transaction Id,From ,To,Date_Time,Status,Amount,Type
10000001,11000000192,11000000274,2022-01-20 20:57:04,success,326525,NEFT
10000002,12000000096,14000000024,2022-02-22 04:15:44,success,1746663,RTGS
10000003,11000000262,12000000089,2022-01-31 17:18:43,success,1794786,RTGS
10000004,11000000180,12000000098,2022-02-28 09:08:45,success,70276,NEFT
10000005,11000000032,12000000114,2022-01-19 14:34:32,success,241079,NEFT
10000006,11000000254,12000000036,2022-01-13 09:25:57,success,662623,IMPS
10000007,12000000122,12000000164,2022-01-09 23:47:57,success,2985183,RTGS
10000008,12000000056,13000000039,2022-01-09 13:50:38,success,665724,IMPS
10000009,11000000003,12000000099,2022-02-27 22:24:03,success,1299010,IMPS
10000010,11000000257,13000000016,2022-02-15 13:57:24,success,1646666,RTGS
10000011,11000000196,12000000020,2022-01-03 11:31:37,success,1627515,RTGS
10000012,11000000072,11000000219,2022-02-19 19:38:42,success,2513731,RTGS
10000013,11000000162,14000000079,2022-01-28 10:43:45,success,2868532,RTGS
10000014,11000000196,14000000033,2022-01-20 20:55:23,success,600695,IMPS
10000015,11000000223,14000000092,2022-02-02 07:38:19,success,2673561,RTGS
10000016,12000000012,14000000061,2022-02-20 16:29:32,success,2255090,RTGS
10000017,11000000088,11000000138,2022-02-10 14:18:09,success,92423,NEFT
10000018,11000000214,11000000274,2022-02-04 03:10:27,success,1036962,IMPS
10000019,11000000056,11000000245,2022-02-17 06:14:08,success,988686,IMPS
10000020,12000000087,14000000049,2022-02-20 09:39:37,success,859577,IMPS
10000021,11000000162,11000000115,2022-01-05 13:55:06,success,2202599,RTGS
10000022,11000000244,14000000077,2022-01-20 21:07:10,success,2543679,RTGS
10000023,11000000211,14000000087,2022-01-27 03:36:42,success,1404890,IMPS
10000024,11000000119,14000000044,2022-01-23 22:50:04,success,1696488,RTGS
10000025,12000000198,12000000043,2022-02-25 05:22:09,success,2936008,RTGS
10000026,11000000265,14000000028,2022-02-18 05:41:02,success,2784839,RTGS
10000027,11000000119,14000000032,2022-02-10 09:26:09,success,1026242,IMPS
10000028,12000000069,14000000066,2022-02-01 22:21:10,success,2674181,RTGS
10000029,11000000250,14000000058,2022-02-07 19:08:44,success,258230,NEFT
10000030,12000000065,14000000065,2022-02-02 23:19:02,success,1961379,RTGS
10000031,11000000232,12000000056,2022-02-28 08:01:33,success,1259114,IMPS
10000032,11000000152,14000000097,2022-02-14 21:47:59,success,1040647,IMPS
10000033,12000000195,12000000191,2022-01-01 03:55:42,success,2273814,RTGS
10000034,11000000062,11000000152,2022-02-06 20:43:29,success,2785291,RTGS
10000035,11000000096,14000000062,2022-02-13 04:04:09,success,1206768,IMPS
10000036,11000000084,14000000037,2022-01-27 21:43:18,success,1485282,IMPS
10000037,11000000073,14000000073,2022-01-14 04:39:57,success,889332,IMPS
10000038,11000000236,11000000157,2022-02-06 10:03:56,success,1302506,IMPS
10000039,11000000230,11000000002,2022-02-01 01:45:04,success,90281,NEFT
10000040,12000000144,11000000238,2022-02-23 10:00:28,success,1885913,RTGS
10000041,11000000150,12000000134,2022-02-20 00:42:53,success,438382,NEFT
10000042,11000000162,11000000019,2022-02-03 20:20:48,success,2226941,RTGS
10000043,11000000150,14000000057,2022-01-22 00:39:15,success,894267,IMPS
10000044,11000000076,11000000108,2022-02-05 13:15:35,success,1958587,RTGS
10000045,12000000114,11000000014,2022-01-14 13:35:26,success,1054950,IMPS
10000046,12000000086,11000000154,2022-01-14 11:00:22,success,2312974,RTGS
10000047,11000000159,12000000144,2022-01-26 13:45:11,success,205145,NEFT
10000048,12000000124,12000000052,2022-01-26 19:47:36,success,1834262,RTGS
10000049,12000000170,12000000113,2022-02-10 11:51:42,success,1477241,IMPS
10000050,11000000067,12000000034,2022-01-04 04:44:44,success,2622887,RTGS
10000051,12000000027,14000000090,2022-01-24 18:54:01,success,245768,NEFT
10000052,11000000007,11000000250,2022-01-08 03:53:19,success,1964071,RTGS
10000053,12000000166,14000000034,2022-02-06 02:44:46,success,2950023,RTGS
10000054,11000000226,13000000035,2022-02-28 20:18:25,success,1215128,IMPS
10000055,11000000160,12000000193,2022-02-22 19:11:17,success,1078555,IMPS
10000056,11000000213,14000000019,2022-01-21 23:10:19,success,960399,IMPS
10000057,12000000139,11000000100,2022-01-17 07:56:52,success,1862431,RTGS
10000058,11000000177,11000000053,2022-01-27 16:24:45,success,2706524,RTGS
10000059,11000000165,13000000021,2022-02-14 04:41:10,success,1506220,RTGS
10000060,11000000203,12000000170,2022-02-16 17:43:21,success,1700393,RTGS
10000061,12000000185,11000000135,2022-01-04 02:04:04,success,2180155,RTGS
10000062,11000000247,14000000033,2022-02-08 00:17:46,success,1165784,IMPS
10000063,11000000181,12000000003,2022-01-30 12:39:38,success,2618745,RTGS
10000064,11000000271,14000000058,2022-01-21 05:48:31,success,1881543,RTGS
10000065,12000000189,13000000010,2022-02-13 04:08:38,success,223474,NEFT
10000066,12000000017,12000000192,2022-01-02 00:49:12,failed ,848804,IMPS
10000067,11000000026,15000000004,2022-01-04 01:55:07,failed ,1876154,RTGS
10000068,11000000091,11000000010,2022-01-30 10:58:47,success,1462654,IMPS
10000069,11000000184,12000000164,2022-02-16 04:45:26,success,2856859,RTGS
10000070,12000000142,12000000093,2022-02-08 11:47:05,failed ,2960208,RTGS
10000071,11000000033,12000000037,2022-01-14 06:04:46,success,1492037,IMPS
10000072,11000000024,15000000018,2022-02-25 15:06:59,success,1926468,RTGS
10000073,11000000064,12000000143,2022-01-16 03:04:26,success,2118497,RTGS
10000074,11000000153,11000000223,2022-02-10 11:55:49,success,1291777,IMPS
10000075,12000000081,12000000154,2022-02-26 15:50:25,failed ,236209,NEFT
10000076,11000000158,15000000046,2022-01-30 01:09:54,success,247666,NEFT
10000077,11000000120,14000000095,2022-01-17 22:45:56,success,1995099,RTGS
10000078,11000000036,12000000163,2022-02-05 08:40:28,failed ,783870,IMPS
10000079,11000000077,12000000128,2022-01-07 04:03:57,success,2109156,RTGS
10000080,11000000040,13000000042,2022-01-17 18:34:43,failed ,376216,NEFT
10000081,12000000130,11000000066,2022-01-18 18:02:38,success,2191184,RTGS
10000082,11000000234,13000000025,2022-02-18 23:32:57,failed ,2798770,RTGS
10000083,11000000224,11000000181,2022-01-21 08:33:43,failed ,1799449,RTGS
10000084,11000000168,14000000000,2022-02-25 13:15:32,success,610886,IMPS
10000085,11000000056,12000000107,2022-02-25 00:28:20,success,83137,NEFT
10000086,11000000180,11000000122,2022-02-21 20:04:55,success,679610,IMPS
10000087,11000000144,12000000177,2022-01-28 01:00:40,success,155717,NEFT
10000088,12000000078,11000000090,2022-01-20 00:51:31,success,1001952,IMPS
10000089,11000000213,11000000052,2022-02-07 07:49:31,success,742645,IMPS
10000090,11000000105,11000000066,2022-01-12 08:58:05,failed ,555164,IMPS
10000091,11000000077,11000000262,2022-01-17 19:23:10,failed ,2651474,RTGS
10000092,11000000233,11000000030,2022-01-23 08:15:20,success,1245543,IMPS
10000093,11000000091,11000000202,2022-01-12 16:43:28,failed ,1680187,RTGS
10000094,11000000127,14000000074,2022-02-17 01:16:46,success,1477148,IMPS
10000095,11000000092,13000000045,2022-01-04 18:43:17,success,1639650,RTGS
10000096,11000000229,11000000021,2022-01-06 03:22:46,success,2596212,RTGS
10000097,12000000162,11000000227,2022-02-20 13:31:01,failed ,1145283,IMPS
10000098,11000000030,12000000048,2022-02-19 17:20:29,success,2248749,RTGS
10000099,11000000038,14000000020,2022-01-18 13:17:47,success,322946,NEFT
10000100,11000000053,11000000133,2022-02-05 15:26:53,success,378690,NEFT
10000101,12000000143,12000000022,2022-02-26 11:41:44,success,2625238,RTGS
10000102,11000000217,11000000162,2022-02-21 02:45:50,success,2906754,RTGS
10000103,11000000191,14000000020,2022-01-31 15:37:16,success,765663,IMPS
10000104,11000000122,14000000018,2022-01-29 20:27:38,success,287989,NEFT
10000105,12000000056,11000000067,2022-02-23 21:38:59,success,2273119,RTGS
10000106,11000000034,11000000188,2022-02-23 16:22:54,success,2922183,RTGS
10000107,11000000147,12000000086,2022-01-05 08:05:47,success,1444667,IMPS
10000108,11000000041,12000000090,2022-02-13 19:14:07,success,2569110,RTGS
10000109,11000000130,14000000028,2022-02-05 14:28:03,failed ,543256,IMPS
10000110,11000000263,14000000038,2022-03-01 23:18:16,success,2402935,RTGS
10000111,11000000208,14000000036,2022-02-14 00:28:15,success,1784719,RTGS
10000112,12000000130,14000000028,2022-01-12 17:47:44,success,2685905,RTGS
10000113,11000000197,11000000174,2022-01-03 15:01:22,success,221626,NEFT
10000114,11000000124,11000000266,2022-02-14 06:01:09,success,1034903,IMPS
10000115,12000000061,12000000062,2022-03-01 14:41:29,success,2893063,RTGS
10000116,11000000200,12000000144,2022-01-20 21:11:55,success,1617744,RTGS
10000117,11000000184,14000000050,2022-01-23 04:25:10,success,943334,IMPS
10000118,11000000031,15000000002,2022-02-28 08:48:54,success,1854650,RTGS
10000119,11000000169,12000000009,2022-01-07 08:13:00,success,969028,IMPS
10000120,12000000068,11000000110,2022-01-15 15:44:35,success,2874441,RTGS
10000121,11000000193,12000000029,2022-01-27 09:06:13,success,1537212,RTGS
10000122,11000000003,15000000053,2022-01-08 21:13:51,success,1425607,IMPS
10000123,11000000263,12000000058,2022-02-21 17:33:29,success,1247252,IMPS
10000124,11000000172,11000000143,2022-02-07 07:54:26,success,2311024,RTGS
10000125,11000000198,12000000184,2022-02-05 02:32:58,failed ,2993086,RTGS
10000126,11000000183,14000000024,2022-02-01 09:34:43,failed ,555181,IMPS
10000127,12000000138,13000000028,2022-01-03 23:26:18,failed ,2008246,RTGS
10000128,11000000251,11000000145,2022-02-09 08:27:51,success,329633,NEFT
10000129,12000000161,11000000060,2022-01-10 12:39:02,success,1484689,IMPS
10000130,11000000230,11000000114,2022-01-05 23:24:46,success,1393336,IMPS
10000131,11000000170,15000000066,2022-02-11 15:43:30,success,649452,IMPS
10000132,11000000053,13000000032,2022-01-30 13:19:09,failed ,1319797,IMPS
10000133,11000000135,11000000072,2022-02-01 03:16:21,success,2438501,RTGS
10000134,11000000224,12000000092,2022-01-20 18:34:44,failed ,453865,NEFT
10000135,11000000231,11000000005,2022-02-16 17:13:41,failed ,1119464,IMPS
10000136,11000000201,12000000014,2022-01-12 18:45:11,success,1539206,RTGS
10000137,11000000259,12000000166,2022-02-24 15:10:13,success,573337,IMPS
10000138,11000000079,13000000035,2022-01-02 06:42:49,success,2226087,RTGS
10000139,11000000242,11000000095,2022-01-16 22:57:54,failed ,1482971,IMPS
10000140,11000000163,11000000261,2022-01-03 06:24:31,success,2665880,RTGS
10000141,11000000078,15000000057,2022-01-26 18:10:16,success,2769562,RTGS
10000142,11000000091,12000000134,2022-02-10 01:02:17,success,822470,IMPS
10000143,11000000067,14000000040,2022-01-31 15:02:52,success,1119662,IMPS
10000144,12000000048,12000000121,2022-02-28 18:39:06,success,1516391,RTGS
10000145,11000000018,11000000247,2022-01-04 05:15:48,success,1255016,IMPS
10000146,11000000094,15000000040,2022-03-01 07:15:45,success,1979254,RTGS
10000147,11000000114,13000000043,2022-01-31 03:55:43,success,1266290,IMPS
10000148,11000000033,11000000000,2022-02-15 03:12:48,success,1372782,IMPS
10000149,12000000068,12000000067,2022-01-16 14:59:51,failed ,2824720,RTGS
10000150,12000000014,14000000077,2022-02-02 11:36:53,success,60741,NEFT
10000151,12000000129,12000000121,2022-01-08 20:46:13,failed ,496957,NEFT
10000152,12000000154,14000000023,2022-02-04 00:22:53,failed ,145922,NEFT
10000153,11000000253,15000000062,2022-01-12 05:24:03,success,1340088,IMPS
10000154,11000000051,12000000096,2022-02-25 01:50:13,success,1954250,RTGS
10000155,11000000267,14000000065,2022-02-27 17:13:53,failed ,1539078,RTGS
10000156,11000000127,14000000062,2022-02-07 19:48:23,success,2200945,RTGS
10000157,11000000055,12000000057,2022-02-20 11:14:59,success,2907836,RTGS
10000158,11000000155,12000000030,2022-02-03 08:44:28,success,538808,IMPS
10000159,11000000016,11000000029,2022-02-21 00:39:57,success,2598839,RTGS
10000160,11000000181,11000000079,2022-01-20 06:26:07,success,2180214,RTGS
10000161,12000000109,11000000025,2022-01-11 07:46:57,success,1245263,IMPS
10000162,12000000041,14000000066,2022-02-09 09:51:29,success,2497584,RTGS
10000163,11000000143,15000000006,2022-01-23 09:28:10,failed ,58839,NEFT
10000164,12000000134,12000000074,2022-02-18 09:34:57,failed ,2666865,RTGS
10000165,11000000053,11000000132,2022-01-25 05:22:30,success,2905802,RTGS
10000166,11000000219,11000000054,2022-01-02 02:31:44,success,774674,IMPS
10000167,11000000043,14000000073,2022-01-12 17:31:55,success,2253658,RTGS
10000168,12000000064,12000000158,2022-02-24 22:42:28,success,302936,NEFT
10000169,12000000033,14000000062,2022-02-17 11:35:21,success,1618624,RTGS
10000170,11000000212,15000000024,2022-01-31 01:35:15,success,2366168,RTGS
10000171,11000000004,12000000116,2022-01-12 01:21:09,failed ,2766091,RTGS
10000172,11000000050,11000000079,2022-01-24 14:18:06,failed ,2949363,RTGS
10000173,11000000205,11000000253,2022-01-13 18:43:36,success,2326557,RTGS
10000174,11000000050,11000000098,2022-02-08 17:00:30,failed ,1317033,IMPS
10000175,11000000219,14000000055,2022-02-21 02:34:34,success,1581443,RTGS
10000176,11000000214,11000000099,2022-01-20 13:59:41,success,648938,IMPS
10000177,11000000122,12000000076,2022-01-21 16:33:11,failed ,2818568,RTGS
10000178,11000000170,14000000051,2022-02-23 05:38:17,success,1477515,IMPS
10000179,11000000192,13000000028,2022-03-01 15:55:04,success,2258549,RTGS
10000180,11000000108,14000000060,2022-01-08 14:24:50,failed ,1923961,RTGS
10000181,12000000004,11000000143,2022-02-18 20:49:55,success,1866166,RTGS
10000182,11000000036,12000000069,2022-01-11 21:58:28,success,388384,NEFT
10000183,12000000056,12000000177,2022-02-08 09:06:43,success,601429,IMPS
10000184,11000000271,14000000096,2022-02-26 18:09:24,success,589593,IMPS
10000185,11000000015,13000000041,2022-02-13 10:14:37,success,1533440,RTGS
10000186,11000000159,15000000013,2022-01-04 05:10:36,success,683240,IMPS
10000187,11000000029,13000000029,2022-02-02 14:52:18,failed ,2460062,RTGS
10000188,11000000085,14000000019,2022-01-03 02:53:48,success,1414897,IMPS
10000189,11000000046,12000000083,2022-01-04 00:02:35,failed ,1988104,RTGS
10000190,11000000055,11000000269,2022-02-28 17:13:32,success,1979206,RTGS
10000191,12000000195,14000000016,2022-01-01 13:03:59,success,2074407,RTGS
10000192,11000000102,12000000107,2022-02-20 07:39:52,success,1994647,RTGS
10000193,11000000182,13000000002,2022-01-20 03:08:28,failed ,1451909,IMPS
10000194,12000000152,11000000182,2022-02-18 23:21:12,success,694640,IMPS
10000195,11000000021,12000000076,2022-02-16 20:02:21,success,1890147,RTGS
10000196,12000000100,14000000016,2022-01-02 23:28:55,success,2105826,RTGS
10000197,11000000167,11000000015,2022-02-22 22:19:52,failed ,108342,NEFT
10000198,11000000042,12000000014,2022-01-14 23:13:45,success,877188,IMPS
10000199,11000000171,14000000071,2022-02-13 21:58:07,success,174948,NEFT
10000200,11000000007,11000000057,2022-01-02 01:55:14,success,2336033,RTGS
10000201,12000000079,11000000239,2022-01-29 11:28:30,success,1460937,IMPS
10000202,11000000050,12000000097,2022-01-13 04:57:50,failed ,1168247,IMPS
10000203,12000000111,11000000170,2022-01-25 04:25:55,failed ,852850,IMPS
10000204,11000000188,14000000010,2022-02-04 21:59:24,failed ,2659933,RTGS
10000205,11000000140,11000000196,2022-02-14 11:42:52,success,2799946,RTGS
10000206,11000000192,11000000084,2022-01-10 20:09:18,success,693337,IMPS
10000207,11000000094,12000000024,2022-02-01 00:37:28,success,931228,IMPS
10000208,11000000228,12000000100,2022-01-02 14:47:51,success,245382,NEFT
10000209,12000000098,11000000246,2022-01-06 15:21:08,failed ,1498374,IMPS
10000210,11000000139,13000000038,2022-01-30 14:28:56,success,17801,NEFT
10000211,11000000211,14000000033,2022-02-13 17:08:51,failed ,2403280,RTGS
10000212,11000000139,11000000194,2022-01-29 17:58:17,failed ,1012665,IMPS
10000213,11000000116,11000000170,2022-01-31 13:14:55,success,377791,NEFT
10000214,11000000166,12000000122,2022-01-23 23:41:40,failed ,1782356,RTGS
10000215,11000000041,11000000092,2022-01-08 04:20:30,success,746628,IMPS
10000216,11000000249,14000000091,2022-02-08 14:47:17,success,410013,NEFT
10000217,11000000050,13000000045,2022-01-23 12:12:43,success,1499325,IMPS
10000218,11000000139,14000000027,2022-02-17 11:45:01,success,2344477,RTGS
10000219,11000000029,12000000190,2022-01-10 13:34:13,success,2907218,RTGS
10000220,11000000199,11000000183,2022-01-23 12:35:24,success,2854633,RTGS
10000221,12000000111,11000000178,2022-02-07 22:39:30,success,1904088,RTGS
10000222,11000000150,11000000161,2022-01-02 01:16:11,failed ,2579651,RTGS
10000223,11000000194,11000000241,2022-01-31 22:34:29,failed ,814353,IMPS
10000224,12000000110,14000000058,2022-01-03 14:24:59,failed ,2889972,RTGS
10000225,11000000086,11000000072,2022-02-08 15:30:25,success,2671333,RTGS
10000226,11000000005,14000000002,2022-01-15 11:43:25,failed ,1718657,RTGS
10000227,11000000170,13000000042,2022-02-08 16:37:30,success,1778766,RTGS
10000228,12000000045,11000000011,2022-01-22 11:54:02,failed ,1870141,RTGS
10000229,12000000034,12000000059,2022-02-01 02:48:27,success,109431,NEFT
10000230,11000000155,11000000036,2022-02-17 06:30:18,failed ,2365828,RTGS
10000231,11000000049,14000000078,2022-02-20 01:38:14,success,468497,NEFT
10000232,12000000162,11000000106,2022-01-19 04:11:54,success,1310134,IMPS
10000233,12000000011,13000000008,2022-01-08 05:36:49,success,2849475,RTGS
10000234,11000000175,12000000165,2022-01-27 15:09:00,success,756476,IMPS
10000235,11000000166,14000000004,2022-02-22 18:23:46,success,1005221,IMPS
10000236,11000000124,13000000020,2022-02-05 10:13:05,failed ,1991230,RTGS
10000237,11000000226,12000000140,2022-01-07 08:39:51,success,2366338,RTGS
10000238,11000000235,15000000005,2022-01-13 05:06:41,success,952700,IMPS
10000239,11000000068,14000000043,2022-02-06 12:25:15,success,1040002,IMPS
10000240,12000000080,12000000020,2022-02-20 12:40:41,failed ,2807429,RTGS
10000241,11000000143,12000000088,2022-01-24 18:08:32,success,1392296,IMPS
10000242,11000000043,11000000162,2022-02-11 20:52:17,success,2595201,RTGS
10000243,12000000199,14000000016,2022-02-02 20:31:08,success,2049458,RTGS
10000244,11000000180,12000000195,2022-02-15 03:35:48,success,1325697,IMPS
10000245,11000000033,14000000037,2022-01-26 01:35:03,success,2149193,RTGS
10000246,11000000141,11000000147,2022-01-30 22:27:09,success,815349,IMPS
10000247,11000000243,13000000040,2022-01-19 03:14:51,failed ,70349,NEFT
10000248,11000000009,13000000013,2022-01-27 03:49:56,failed ,2478444,RTGS
10000249,11000000071,13000000004,2022-02-13 00:59:47,success,2400028,RTGS
10000250,12000000030,12000000159,2022-01-26 21:41:50,success,1382967,IMPS
10000251,11000000156,14000000097,2022-02-15 02:57:06,success,71551,NEFT
10000252,12000000192,11000000099,2022-02-11 12:26:26,success,1268993,IMPS
10000253,12000000126,15000000071,2022-01-07 20:44:51,success,1700728,RTGS
10000254,12000000166,14000000095,2022-02-12 00:54:31,success,752785,IMPS
10000255,11000000093,15000000051,2022-02-11 16:05:19,success,732116,IMPS
10000256,11000000227,13000000000,2022-02-08 08:34:43,success,557669,IMPS
10000257,11000000242,11000000041,2022-01-14 19:24:38,success,1443597,IMPS
10000258,11000000209,15000000045,2022-02-15 17:37:20,success,2008516,RTGS
10000259,12000000178,14000000079,2022-02-13 12:05:49,success,2213979,RTGS
10000260,11000000247,14000000048,2022-01-04 02:08:40,failed ,1943935,RTGS
10000261,11000000095,15000000054,2022-02-21 21:13:33,success,2802294,RTGS
10000262,12000000191,11000000107,2022-02-14 12:56:11,success,2494298,RTGS
10000263,11000000014,11000000076,2022-02-14 03:21:11,success,1800321,RTGS
10000264,11000000171,15000000039,2022-01-28 09:59:28,success,1879227,RTGS
10000265,11000000053,12000000101,2022-02-02 17:01:01,success,149027,NEFT
10000266,11000000152,14000000053,2022-02-25 13:11:30,success,1189386,IMPS
10000267,11000000157,12000000018,2022-02-14 20:30:50,failed ,2004654,RTGS
10000268,12000000100,11000000212,2022-01-10 13:38:01,success,1436028,IMPS
10000269,11000000109,11000000115,2022-01-03 11:33:19,success,41057,NEFT
10000270,12000000157,14000000088,2022-02-04 15:47:54,success,90057,NEFT
10000271,11000000101,11000000143,2022-02-21 14:29:15,success,827965,IMPS
10000272,12000000147,14000000030,2022-01-09 13:25:01,success,2799789,RTGS
10000273,11000000163,14000000087,2022-02-17 19:55:34,success,2594988,RTGS
10000274,11000000190,14000000015,2022-01-30 20:37:19,success,2134764,RTGS
10000275,11000000263,11000000026,2022-02-09 07:30:36,success,1352433,IMPS
10000276,11000000084,11000000043,2022-01-21 01:02:56,success,101828,NEFT
10000277,11000000124,11000000142,2022-01-25 00:29:07,success,1635761,RTGS
10000278,11000000239,14000000035,2022-01-23 02:37:45,success,939847,IMPS
10000279,11000000155,14000000078,2022-02-26 10:57:59,success,843243,IMPS
10000280,11000000010,11000000211,2022-02-21 19:27:13,success,2379816,RTGS
10000281,11000000109,14000000041,2022-01-06 21:36:03,failed ,2880891,RTGS
10000282,12000000028,13000000008,2022-01-20 22:38:15,failed ,2782244,RTGS
10000283,11000000219,12000000043,2022-01-06 14:02:17,success,2401075,RTGS
10000284,12000000145,14000000099,2022-02-08 09:37:45,failed ,328395,NEFT
10000285,11000000122,11000000071,2022-01-10 22:11:43,failed ,2997094,RTGS
10000286,12000000072,15000000037,2022-01-19 02:51:15,success,1764725,RTGS
10000287,11000000257,15000000011,2022-01-07 16:34:47,failed ,1302828,IMPS
10000288,11000000228,11000000079,2022-01-21 21:36:59,success,1422395,IMPS
10000289,11000000105,11000000230,2022-01-03 06:30:44,success,1956764,RTGS
10000290,11000000005,11000000032,2022-02-05 09:13:39,success,2744362,RTGS
10000291,11000000028,12000000005,2022-02-11 05:43:35,success,2682296,RTGS
10000292,11000000251,15000000003,2022-01-15 07:32:38,success,2366755,RTGS
10000293,11000000027,13000000038,2022-01-18 09:14:31,success,1567816,RTGS
10000294,12000000137,11000000117,2022-01-18 16:11:55,success,1496406,IMPS
10000295,11000000256,12000000109,2022-02-10 15:15:52,success,3662,NEFT
10000296,11000000065,11000000198,2022-01-14 07:46:48,success,471415,NEFT
10000297,12000000050,15000000035,2022-01-11 09:23:43,success,2574502,RTGS
10000298,11000000151,12000000147,2022-01-20 20:13:13,failed ,2946816,RTGS
10000299,11000000130,11000000088,2022-02-20 14:11:23,success,1236561,IMPS
10000300,12000000073,14000000058,2022-01-14 03:50:59,success,1592445,RTGS
10000301,12000000140,13000000046,2022-02-16 11:35:48,failed ,2114122,RTGS
10000302,12000000033,11000000063,2022-02-06 14:24:57,success,966451,IMPS
10000303,11000000027,11000000204,2022-02-04 20:24:10,success,2237606,RTGS
10000304,11000000092,13000000040,2022-02-28 21:29:37,success,104180,NEFT
10000305,11000000256,14000000075,2022-03-01 04:41:04,success,1107218,IMPS
10000306,11000000183,14000000069,2022-01-07 15:08:08,success,1145865,IMPS
10000307,11000000238,14000000044,2022-01-28 01:48:26,success,2861657,RTGS
10000308,11000000154,11000000249,2022-02-21 15:23:08,failed ,2252358,RTGS
10000309,11000000207,13000000009,2022-02-20 23:08:32,success,1071213,IMPS
10000310,11000000105,11000000225,2022-01-23 19:01:53,failed ,2253998,RTGS
10000311,12000000009,12000000182,2022-02-18 10:46:58,success,2745340,RTGS
10000312,11000000231,12000000199,2022-02-25 17:18:06,success,1243173,IMPS
10000313,11000000146,11000000078,2022-02-18 10:15:50,success,1086873,IMPS
10000314,11000000118,13000000043,2022-02-14 14:56:21,failed ,1205660,IMPS
10000315,11000000007,11000000254,2022-01-06 11:51:15,success,395426,NEFT
10000316,12000000124,14000000083,2022-02-12 13:53:08,success,2291710,RTGS
10000317,11000000119,12000000134,2022-02-09 19:47:13,failed ,2246887,RTGS
10000318,11000000049,14000000069,2022-01-10 18:10:27,failed ,2108491,RTGS
10000319,11000000201,14000000008,2022-01-02 21:41:37,success,1221079,IMPS
10000320,12000000064,11000000166,2022-02-18 04:33:30,failed ,2030444,RTGS
10000321,11000000198,12000000187,2022-01-08 11:44:04,success,1782578,RTGS
10000322,11000000008,12000000166,2022-02-19 06:43:01,success,380762,NEFT
10000323,11000000144,11000000017,2022-02-28 22:56:50,failed ,533113,IMPS
10000324,11000000050,13000000002,2022-01-19 04:54:09,success,2907759,RTGS
10000325,11000000219,11000000128,2022-01-26 01:57:28,failed ,1196810,IMPS
10000326,11000000167,12000000101,2022-01-21 06:45:27,success,2581940,RTGS
10000327,11000000193,11000000148,2022-01-05 05:34:44,success,1004544,IMPS
10000328,11000000071,12000000141,2022-01-31 17:41:23,success,2284714,RTGS
10000329,12000000131,14000000082,2022-02-26 20:36:30,success,2125183,RTGS
10000330,12000000087,15000000019,2022-01-18 04:25:39,success,341541,NEFT
10000331,12000000052,13000000009,2022-01-16 00:23:40,success,2099650,RTGS
10000332,11000000143,15000000006,2022-02-04 02:09:05,success,1345721,IMPS
10000333,11000000197,15000000072,2022-02-07 13:05:47,success,2902710,RTGS
10000334,11000000225,12000000028,2022-01-18 03:49:47,success,2416598,RTGS
10000335,12000000081,14000000022,2022-02-19 08:11:31,success,2092075,RTGS
10000336,12000000150,11000000044,2022-02-10 06:47:27,success,1799339,RTGS
10000337,11000000041,12000000159,2022-02-03 13:54:51,success,2806981,RTGS
10000338,11000000247,14000000059,2022-02-14 05:01:14,success,1264552,IMPS
10000339,11000000079,15000000023,2022-01-01 13:06:26,success,609399,IMPS
10000340,11000000088,11000000271,2022-02-27 18:37:06,success,2154342,RTGS
10000341,12000000026,14000000047,2022-02-25 19:47:46,success,2977672,RTGS
10000342,11000000029,11000000151,2022-01-09 09:00:51,success,2213866,RTGS
10000343,12000000083,15000000051,2022-02-14 15:41:33,failed ,91673,NEFT
10000344,11000000175,14000000082,2022-03-01 08:56:01,success,148115,NEFT
10000345,11000000153,14000000053,2022-02-16 17:00:16,success,2484338,RTGS
10000346,11000000107,11000000150,2022-02-01 15:50:15,success,2505900,RTGS
10000347,11000000077,11000000249,2022-01-06 23:28:21,success,2683171,RTGS
10000348,12000000078,11000000151,2022-01-10 19:43:56,success,789875,IMPS
10000349,11000000151,12000000014,2022-01-09 13:00:53,success,1030163,IMPS
10000350,11000000163,14000000045,2022-02-09 21:47:32,success,1210933,IMPS
10000351,11000000175,12000000116,2022-01-13 15:00:44,failed ,2120618,RTGS
10000352,11000000117,12000000191,2022-02-01 11:01:24,success,99737,NEFT
10000353,12000000148,11000000048,2022-01-22 15:33:46,success,1689983,RTGS
10000354,11000000140,12000000004,2022-02-02 12:53:55,success,1465387,IMPS
10000355,11000000163,14000000065,2022-02-20 09:46:31,success,2210404,RTGS
10000356,11000000238,15000000006,2022-01-10 15:41:22,success,90490,NEFT
10000357,11000000016,12000000087,2022-01-20 06:40:08,failed ,1164370,IMPS
10000358,11000000029,11000000129,2022-02-09 18:03:02,success,838575,IMPS
10000359,11000000064,15000000070,2022-01-14 18:31:51,success,2376738,RTGS
10000360,11000000260,11000000043,2022-02-18 11:27:04,success,323696,NEFT
10000361,12000000052,14000000074,2022-02-12 13:36:20,success,1931692,RTGS
10000362,11000000238,11000000203,2022-02-15 14:19:38,success,351794,NEFT
10000363,11000000182,12000000023,2022-02-25 01:23:14,success,1191104,IMPS
10000364,12000000193,12000000004,2022-01-21 16:23:35,success,2767564,RTGS
10000365,11000000033,11000000138,2022-02-19 20:13:09,success,2707716,RTGS
10000366,12000000073,12000000008,2022-01-06 09:16:20,failed ,661117,IMPS
10000367,11000000029,11000000073,2022-01-10 08:30:05,failed ,938282,IMPS
10000368,11000000061,12000000060,2022-02-03 21:05:26,success,2551462,RTGS
10000369,11000000249,11000000060,2022-02-05 14:12:17,success,1580120,RTGS
10000370,11000000099,12000000015,2022-02-03 16:13:40,failed ,2261354,RTGS
10000371,11000000170,14000000001,2022-01-22 21:56:27,success,2240200,RTGS
10000372,11000000101,13000000018,2022-02-06 14:39:10,success,2555089,RTGS
10000373,11000000001,13000000042,2022-01-29 14:56:02,success,2941407,RTGS
10000374,12000000125,14000000093,2022-01-07 05:36:19,success,2618360,RTGS
10000375,11000000193,14000000093,2022-03-01 21:51:53,success,653267,IMPS
10000376,11000000056,12000000090,2022-02-27 01:45:06,success,1948157,RTGS
10000377,11000000147,13000000023,2022-01-25 22:37:10,failed ,2471419,RTGS
10000378,11000000181,15000000048,2022-02-07 09:39:23,success,97697,NEFT
10000379,11000000004,12000000008,2022-02-25 11:11:32,success,2403081,RTGS
10000380,12000000027,13000000001,2022-01-08 18:53:31,success,1471580,IMPS
10000381,12000000153,14000000063,2022-01-25 05:35:47,success,1699835,RTGS
10000382,11000000042,12000000082,2022-01-28 09:07:28,success,2236366,RTGS
10000383,11000000237,14000000020,2022-02-21 03:54:29,success,765049,IMPS
10000384,11000000099,11000000038,2022-01-30 11:32:42,failed ,2688249,RTGS
10000385,11000000209,15000000039,2022-01-09 04:44:45,failed ,2086270,RTGS
10000386,11000000152,11000000167,2022-01-08 04:17:40,success,2598094,RTGS
10000387,12000000199,14000000050,2022-02-17 05:41:36,failed ,601568,IMPS
10000388,11000000063,11000000248,2022-01-28 01:46:53,success,348501,NEFT
10000389,11000000147,14000000099,2022-01-26 01:32:08,failed ,2951313,RTGS
10000390,11000000143,11000000049,2022-01-30 02:03:24,success,290556,NEFT
10000391,11000000250,11000000050,2022-02-15 03:06:47,success,1979489,RTGS
10000392,11000000018,11000000207,2022-02-03 18:11:24,success,167278,NEFT
10000393,11000000176,11000000210,2022-02-23 06:19:58,success,2735327,RTGS
10000394,12000000001,14000000028,2022-02-03 09:42:59,success,966392,IMPS
10000395,11000000081,11000000132,2022-02-01 11:26:00,success,2458891,RTGS
10000396,12000000036,11000000026,2022-01-14 06:03:34,success,1277305,IMPS
10000397,12000000144,14000000037,2022-01-10 02:16:37,success,1165025,IMPS
10000398,11000000104,12000000027,2022-03-01 06:05:52,success,1041747,IMPS
10000399,11000000009,11000000235,2022-01-23 17:46:27,failed ,64077,NEFT
10000400,11000000152,13000000020,2022-01-27 17:29:15,success,2582474,RTGS
10000401,11000000081,12000000105,2022-01-18 16:28:06,success,1386470,IMPS
10000402,11000000236,14000000007,2022-02-17 22:33:01,success,1130469,IMPS
10000403,11000000025,12000000014,2022-02-21 10:28:15,success,1383524,IMPS
10000404,11000000072,13000000018,2022-02-07 20:25:52,failed ,2126944,RTGS
10000405,11000000265,14000000011,2022-02-12 18:29:23,success,1259101,IMPS
10000406,11000000042,11000000146,2022-01-25 22:25:03,failed ,2661503,RTGS
10000407,11000000221,11000000015,2022-01-03 11:26:27,failed ,2316328,RTGS
10000408,11000000165,12000000006,2022-02-25 23:00:02,success,2057509,RTGS
10000409,11000000170,12000000016,2022-01-04 05:13:17,failed ,1325458,IMPS
10000410,11000000216,11000000161,2022-01-30 06:55:29,failed ,444512,NEFT
10000411,12000000126,11000000051,2022-02-10 16:13:10,failed ,2155099,RTGS
10000412,11000000040,11000000206,2022-01-12 18:24:49,success,1751528,RTGS
10000413,11000000177,13000000042,2022-02-08 22:56:11,success,2266754,RTGS
10000414,11000000139,11000000126,2022-01-08 00:41:23,success,371907,NEFT
10000415,11000000221,12000000017,2022-01-07 13:21:15,failed ,464001,NEFT
10000416,12000000082,13000000046,2022-01-01 21:34:27,failed ,2628994,RTGS
10000417,11000000066,11000000112,2022-02-17 02:21:49,failed ,2652320,RTGS
10000418,12000000170,12000000069,2022-01-12 19:48:09,success,2589266,RTGS
10000419,11000000050,13000000033,2022-02-25 23:51:27,success,460369,NEFT
10000420,12000000119,11000000193,2022-03-01 22:44:06,success,608894,IMPS
10000421,12000000078,14000000017,2022-01-05 19:42:03,success,1099283,IMPS
10000422,11000000216,14000000000,2022-01-15 22:00:06,success,1010541,IMPS
10000423,11000000256,13000000026,2022-01-21 07:50:15,success,1191884,IMPS
10000424,11000000085,14000000025,2022-02-24 21:22:04,failed ,1974456,RTGS
10000425,12000000048,12000000039,2022-02-18 14:36:20,failed ,1419641,IMPS
10000426,12000000055,12000000102,2022-01-21 04:05:49,success,1741106,RTGS
10000427,12000000057,12000000002,2022-01-03 12:35:22,success,891274,IMPS
10000428,11000000088,11000000101,2022-01-15 02:14:23,success,2903670,RTGS
10000429,11000000037,13000000037,2022-03-01 17:53:02,failed ,2619656,RTGS
10000430,11000000194,15000000049,2022-01-01 20:09:45,success,1849759,RTGS
10000431,12000000067,11000000040,2022-02-26 03:43:16,failed ,2548215,RTGS
10000432,12000000078,11000000036,2022-01-02 20:10:25,success,2974200,RTGS
10000433,12000000020,14000000050,2022-02-28 15:51:28,success,2411265,RTGS
10000434,12000000182,12000000093,2022-01-11 05:10:32,failed ,1521563,RTGS
10000435,11000000167,12000000181,2022-01-05 19:34:11,success,714414,IMPS
10000436,12000000091,12000000049,2022-01-26 02:36:59,success,1422295,IMPS
10000437,12000000029,12000000158,2022-02-04 18:16:02,success,2150516,RTGS
10000438,11000000092,12000000053,2022-01-20 04:30:10,success,2352597,RTGS
10000439,11000000001,15000000060,2022-02-27 19:01:07,success,1401745,IMPS
10000440,11000000198,12000000164,2022-01-04 08:45:27,success,2254080,RTGS
10000441,11000000144,12000000125,2022-01-11 16:04:59,failed ,876623,IMPS
10000442,11000000218,14000000043,2022-01-03 23:10:46,success,2321293,RTGS
10000443,11000000062,11000000013,2022-02-21 13:40:44,success,706460,IMPS
10000444,11000000007,11000000186,2022-02-25 06:07:59,success,2605789,RTGS
10000445,11000000184,15000000066,2022-02-22 06:42:47,success,1277313,IMPS
10000446,11000000017,12000000181,2022-01-03 23:37:19,success,1862584,RTGS
10000447,11000000242,11000000263,2022-01-13 16:54:46,success,757044,IMPS
10000448,12000000190,12000000161,2022-01-02 04:06:26,success,2153475,RTGS
10000449,11000000254,11000000163,2022-02-02 22:21:24,success,749210,IMPS
10000450,11000000160,14000000077,2022-02-26 19:22:07,success,2177641,RTGS
10000451,11000000100,12000000015,2022-01-14 21:28:49,success,2568889,RTGS
10000452,11000000105,12000000036,2022-01-20 23:28:07,success,1777192,RTGS
10000453,12000000076,14000000077,2022-01-15 06:00:03,success,111146,NEFT
10000454,12000000112,11000000031,2022-01-01 21:44:44,success,117576,NEFT
10000455,12000000033,11000000128,2022-02-28 18:12:42,success,1142006,IMPS
10000456,11000000062,13000000028,2022-01-31 02:49:26,success,725305,IMPS
10000457,14000000071,11000000023,2022-01-30 11:24:43,success,1143475,IMPS
10000458,14000000005,11000000222,2022-02-03 10:44:16,success,542521,IMPS
10000459,11000000131,14000000004,2022-02-09 07:17:35,failed ,1422415,IMPS
10000460,13000000008,11000000033,2022-01-08 20:56:47,success,92253,NEFT
10000461,11000000192,15000000009,2022-02-12 22:01:23,success,2499243,RTGS
10000462,14000000020,11000000089,2022-01-08 13:15:01,success,1519332,RTGS
10000463,11000000027,14000000038,2022-02-23 17:31:26,success,2196688,RTGS
10000464,14000000035,14000000026,2022-02-13 07:14:16,success,289680,NEFT
10000465,11000000250,13000000012,2022-02-26 04:58:19,success,1117961,IMPS
10000466,11000000201,12000000086,2022-01-22 11:37:58,success,390629,NEFT
10000467,11000000008,11000000009,2022-01-13 14:08:14,success,187399,NEFT
10000468,12000000072,12000000193,2022-02-24 15:46:39,success,2809817,RTGS
10000469,11000000110,11000000240,2022-01-25 18:59:02,success,942987,IMPS
10000470,13000000023,15000000038,2022-02-24 22:02:18,success,2733692,RTGS
10000471,12000000180,12000000156,2022-01-26 05:20:08,success,1777298,RTGS
10000472,12000000066,14000000003,2022-01-02 12:11:47,success,1734507,RTGS
10000473,14000000056,12000000188,2022-02-13 17:41:26,success,1544164,RTGS
10000474,14000000051,13000000019,2022-02-10 23:02:56,success,1059898,IMPS
10000475,12000000043,14000000084,2022-02-14 07:16:36,success,1711510,RTGS
10000476,12000000136,14000000007,2022-02-26 20:56:24,success,1827094,RTGS
10000477,13000000016,13000000044,2022-02-14 20:37:05,success,2976513,RTGS
10000478,14000000041,14000000029,2022-02-11 01:21:32,success,866161,IMPS
10000479,14000000002,12000000033,2022-02-13 02:58:23,success,1111223,IMPS
10000480,12000000126,13000000004,2022-01-09 20:41:36,success,1483260,IMPS
10000481,11000000208,14000000068,2022-02-08 22:10:20,success,1502072,RTGS
10000482,14000000040,11000000034,2022-02-16 03:50:39,failed ,886029,IMPS
10000483,12000000084,11000000045,2022-02-03 21:45:27,success,718778,IMPS
10000484,12000000101,15000000048,2022-02-18 11:13:40,success,988853,IMPS
10000485,14000000098,12000000036,2022-02-23 09:09:13,success,1665205,RTGS
10000486,11000000120,14000000077,2022-03-01 05:31:10,success,224910,NEFT
10000487,15000000009,11000000049,2022-01-02 22:31:08,success,1795823,RTGS
10000488,11000000213,11000000233,2022-01-12 01:55:56,failed ,1488055,IMPS
10000489,13000000010,11000000240,2022-02-04 01:47:05,success,1516248,RTGS
10000490,14000000099,11000000196,2022-02-07 06:10:23,failed ,900741,IMPS
10000491,13000000027,11000000259,2022-02-15 10:47:18,failed ,2733008,RTGS
10000492,12000000107,11000000100,2022-02-07 05:50:50,success,203016,NEFT
10000493,14000000079,11000000069,2022-02-21 06:30:17,success,1475062,IMPS
10000494,14000000047,12000000140,2022-02-14 16:03:06,success,1245641,IMPS
10000495,12000000115,13000000032,2022-01-23 19:11:07,success,2234588,RTGS
10000496,13000000006,14000000004,2022-02-11 06:50:12,success,2655596,RTGS
10000497,11000000067,13000000028,2022-02-11 17:38:09,success,2398399,RTGS
10000498,12000000021,14000000001,2022-02-17 15:00:30,success,190883,NEFT
10000499,12000000008,12000000189,2022-02-06 02:58:44,success,2983770,RTGS
10000500,11000000166,11000000234,2022-02-13 18:34:09,success,180054,NEFT
10000501,11000000141,13000000025,2022-01-12 18:05:10,success,1321826,IMPS
10000502,12000000015,11000000253,2022-02-25 18:31:15,failed ,346942,NEFT
10000503,12000000193,14000000014,2022-01-08 13:11:25,failed ,1959426,RTGS
10000504,12000000032,12000000041,2022-01-29 07:34:47,success,666583,IMPS
10000505,11000000086,15000000032,2022-01-27 16:01:16,failed ,1819066,RTGS
10000506,14000000083,11000000116,2022-01-31 17:32:10,success,2952461,RTGS
10000507,14000000000,14000000014,2022-01-03 06:04:28,success,1000784,IMPS
10000508,11000000048,13000000040,2022-02-04 21:43:59,success,2094876,RTGS
10000509,11000000064,13000000042,2022-02-04 14:47:53,success,953614,IMPS
10000510,12000000162,11000000104,2022-02-25 13:04:53,success,1529243,RTGS
10000511,14000000075,11000000244,2022-02-07 15:01:15,success,466135,NEFT
10000512,14000000024,11000000272,2022-02-24 06:58:09,success,239631,NEFT
10000513,11000000256,12000000111,2022-02-17 20:53:52,success,2564099,RTGS
10000514,13000000001,12000000111,2022-03-01 16:52:56,success,178647,NEFT
10000515,11000000081,11000000062,2022-01-25 00:13:21,success,2754753,RTGS
10000516,14000000091,14000000071,2022-01-20 10:56:35,success,1908725,RTGS
10000517,13000000040,14000000005,2022-01-24 07:58:30,success,980563,IMPS
10000518,15000000069,11000000131,2022-02-09 16:01:31,success,2134823,RTGS
10000519,14000000011,13000000008,2022-02-10 03:58:36,success,669247,IMPS
10000520,12000000043,11000000192,2022-02-23 11:47:23,failed ,1756122,RTGS
10000521,11000000028,14000000020,2022-02-10 07:12:05,success,1293943,IMPS
10000522,12000000027,11000000027,2022-02-17 06:47:16,success,2834708,RTGS
10000523,15000000012,14000000035,2022-02-14 05:08:01,success,598430,IMPS
10000524,11000000084,11000000250,2022-02-27 23:08:54,success,951640,IMPS
10000525,12000000120,11000000201,2022-02-06 01:37:50,success,281144,NEFT
10000526,11000000125,11000000008,2022-02-02 20:47:36,success,1461720,IMPS
10000527,14000000051,12000000072,2022-02-04 01:34:18,failed ,2076106,RTGS
10000528,11000000133,11000000110,2022-01-03 01:33:16,success,201952,NEFT
10000529,11000000266,13000000023,2022-01-23 07:03:05,success,590597,IMPS
10000530,12000000173,12000000180,2022-01-25 09:11:35,success,2379963,RTGS
10000531,11000000177,12000000066,2022-01-09 13:04:41,success,1476133,IMPS
10000532,11000000128,14000000056,2022-02-14 13:39:18,failed ,2889870,RTGS
10000533,11000000236,14000000051,2022-01-19 10:53:01,success,1801032,RTGS
10000534,11000000157,12000000043,2022-01-08 23:57:58,success,2516657,RTGS
10000535,11000000137,12000000136,2022-02-14 22:39:04,success,745144,IMPS
10000536,11000000105,13000000016,2022-01-25 11:46:19,success,48836,NEFT
10000537,11000000168,14000000041,2022-02-26 14:00:57,success,170631,NEFT
10000538,11000000121,14000000002,2022-01-27 07:09:52,success,1505234,RTGS
10000539,11000000252,12000000126,2022-02-04 20:52:46,success,858667,IMPS
10000540,11000000199,11000000208,2022-02-01 16:12:57,success,1747381,RTGS
10000541,11000000174,14000000040,2022-02-21 08:06:51,failed ,2655880,RTGS
10000542,11000000013,12000000084,2022-01-09 15:13:42,success,2717151,RTGS
10000543,11000000178,12000000101,2022-01-02 06:41:21,success,1083042,IMPS
10000544,11000000262,14000000098,2022-02-17 07:44:40,success,1125396,IMPS
10000545,11000000175,11000000120,2022-01-24 08:04:31,success,219074,NEFT
10000546,12000000178,15000000009,2022-01-22 15:12:08,success,883241,IMPS
10000547,11000000041,11000000213,2022-01-29 23:56:45,failed ,1776753,RTGS
10000548,12000000023,13000000010,2022-01-13 02:55:05,success,2367146,RTGS
10000549,11000000186,14000000099,2022-02-14 06:00:49,success,1728053,RTGS
10000550,11000000134,13000000027,2022-01-27 18:38:18,success,2029181,RTGS
10000551,11000000096,12000000107,2022-01-23 20:05:13,success,475232,NEFT
10000552,11000000005,14000000079,2022-01-10 21:18:37,failed ,2775133,RTGS
10000553,11000000063,14000000047,2022-01-09 00:08:38,failed ,1503314,RTGS
10000554,11000000140,12000000115,2022-01-11 04:32:52,success,1006329,IMPS
10000555,12000000053,13000000006,2022-01-02 05:02:09,success,2613290,RTGS
10000556,11000000259,11000000067,2022-02-12 15:57:48,failed ,592694,IMPS
10000557,11000000140,12000000021,2022-01-14 12:59:01,success,2055195,RTGS
10000558,11000000180,12000000008,2022-02-27 18:47:05,success,1545025,RTGS
10000559,11000000038,11000000166,2022-02-26 11:53:40,success,2914698,RTGS
10000560,12000000192,11000000141,2022-01-05 21:33:21,success,401910,NEFT
10000561,11000000092,12000000015,2022-02-17 02:44:55,success,1293683,IMPS
10000562,11000000034,12000000193,2022-02-16 14:35:04,success,1992877,RTGS
10000563,11000000213,12000000032,2022-01-19 17:38:07,success,2136239,RTGS
10000564,11000000039,11000000086,2022-02-03 10:24:28,failed ,229082,NEFT
10000565,12000000109,14000000083,2022-01-02 21:44:39,success,2973672,RTGS
10000566,11000000106,14000000000,2022-02-04 09:42:00,failed ,2236019,RTGS
10000567,11000000217,11000000048,2022-02-21 21:47:27,success,1141550,IMPS
10000568,11000000262,11000000064,2022-02-14 05:52:50,failed ,2797083,RTGS
10000569,11000000024,12000000162,2022-02-20 11:07:31,success,2234665,RTGS
10000570,11000000026,14000000075,2022-01-16 18:33:30,failed ,2051753,RTGS
10000571,11000000133,14000000024,2022-01-24 00:34:08,failed ,2180085,RTGS
10000572,12000000147,11000000256,2022-02-04 07:32:57,success,2329647,RTGS
10000573,11000000139,13000000001,2022-01-01 22:50:11,success,2869366,RTGS
10000574,11000000120,11000000081,2022-01-14 15:23:42,success,2285559,RTGS
10000575,11000000152,14000000091,2022-02-05 17:45:04,success,421420,NEFT
10000576,11000000050,13000000040,2022-02-14 08:56:39,failed ,25914,NEFT
10000577,11000000262,15000000069,2022-01-17 22:09:11,success,911192,IMPS
10000578,12000000119,14000000011,2022-01-31 04:11:09,success,2191030,RTGS
10000579,11000000271,12000000043,2022-02-25 09:29:00,success,1614253,RTGS
10000580,11000000254,11000000028,2022-02-09 06:46:56,success,2626411,RTGS
10000581,11000000167,12000000027,2022-02-24 10:08:26,success,1424887,IMPS
10000582,11000000004,15000000012,2022-02-20 03:05:43,success,248456,NEFT
10000583,12000000012,11000000084,2022-02-13 21:54:45,success,264118,NEFT
10000584,12000000183,12000000120,2022-01-31 15:38:16,success,342682,NEFT
10000585,12000000180,11000000125,2022-01-01 03:26:35,success,264866,NEFT
10000586,11000000122,14000000051,2022-02-01 18:47:43,failed ,1102271,IMPS
10000587,11000000026,15000000057,2022-01-15 00:24:43,success,2684102,RTGS
10000588,11000000210,13000000032,2022-02-07 01:59:51,success,2543783,RTGS
10000589,11000000050,14000000027,2022-02-06 13:57:42,success,1608006,RTGS
10000590,11000000013,13000000011,2022-02-15 02:04:00,success,2396549,RTGS
10000591,11000000019,11000000086,2022-02-03 05:25:21,success,2846583,RTGS
10000592,12000000158,15000000049,2022-02-27 22:36:21,failed ,558611,IMPS
10000593,11000000098,14000000077,2022-01-04 18:30:18,success,2948744,RTGS
10000594,11000000064,13000000030,2022-01-19 07:04:00,success,2766411,RTGS
10000595,11000000111,15000000003,2022-01-06 02:18:24,success,827108,IMPS
10000596,11000000246,11000000256,2022-01-20 04:45:39,success,67572,NEFT
10000597,11000000190,12000000181,2022-02-27 13:05:03,success,2249352,RTGS
10000598,11000000137,12000000171,2022-01-04 19:36:41,success,296148,NEFT
10000599,11000000014,15000000027,2022-02-27 14:43:12,success,938157,IMPS
10000600,12000000038,14000000090,2022-01-17 13:37:09,success,1196684,IMPS
10000601,11000000133,11000000171,2022-02-15 09:26:49,success,1464510,IMPS
10000602,11000000118,14000000063,2022-01-03 09:27:18,failed ,1399548,IMPS
10000603,11000000209,12000000038,2022-01-27 14:01:19,failed ,1066795,IMPS
10000604,11000000198,12000000016,2022-02-22 04:33:41,failed ,2688150,RTGS
10000605,11000000175,13000000017,2022-02-25 23:16:41,success,1479134,IMPS
10000606,12000000072,15000000016,2022-01-08 00:13:25,success,1840500,RTGS
10000607,11000000098,14000000034,2022-01-09 22:49:49,failed ,449448,NEFT
10000608,12000000162,13000000013,2022-02-12 02:15:10,success,472331,NEFT
10000609,11000000071,15000000007,2022-02-23 06:12:24,success,2808450,RTGS
10000610,11000000062,13000000047,2022-01-05 09:06:45,success,800881,IMPS
10000611,11000000110,11000000145,2022-02-15 08:10:30,success,245468,NEFT
10000612,11000000094,11000000083,2022-02-19 19:02:43,success,2933197,RTGS
10000613,11000000118,11000000163,2022-01-03 05:23:32,failed ,2559294,RTGS
10000614,12000000197,14000000059,2022-01-07 02:21:03,success,1139071,IMPS
10000615,12000000136,14000000064,2022-01-13 16:10:01,success,2031142,RTGS
10000616,11000000027,12000000150,2022-01-24 21:13:46,success,2047634,RTGS
10000617,12000000195,15000000032,2022-02-16 17:38:16,success,2362196,RTGS
10000618,11000000165,14000000094,2022-01-29 17:09:49,success,1381052,IMPS
10000619,11000000136,12000000139,2022-02-07 17:57:11,success,2294469,RTGS
10000620,11000000248,13000000043,2022-01-07 20:12:52,success,735559,IMPS
10000621,12000000051,12000000001,2022-01-10 15:25:40,success,2590342,RTGS
10000622,11000000094,11000000115,2022-02-20 00:29:29,success,1767476,RTGS
10000623,11000000059,13000000005,2022-01-08 01:39:40,success,1105067,IMPS
10000624,11000000149,12000000110,2022-01-12 15:26:30,success,1800313,RTGS
10000625,11000000210,12000000022,2022-01-19 14:56:20,success,2853050,RTGS
10000626,11000000050,14000000070,2022-02-23 05:01:55,success,717704,IMPS
10000627,11000000232,13000000015,2022-01-19 10:06:11,success,976040,IMPS
10000628,12000000106,11000000008,2022-01-20 17:36:59,success,2181530,RTGS
10000629,11000000206,15000000067,2022-01-12 19:07:05,success,1636540,RTGS
10000630,11000000050,12000000195,2022-01-27 20:04:12,success,1160760,IMPS
10000631,12000000191,13000000048,2022-02-02 00:45:59,success,355139,NEFT
10000632,11000000218,12000000121,2022-02-10 11:08:57,success,43195,NEFT
10000633,11000000187,14000000002,2022-02-11 05:57:50,success,1479609,IMPS
10000634,11000000099,12000000165,2022-01-09 16:51:32,success,2742783,RTGS
10000635,11000000067,14000000014,2022-01-03 09:54:58,success,333836,NEFT
10000636,11000000095,11000000092,2022-01-05 21:06:42,success,1217106,IMPS
10000637,11000000016,14000000031,2022-02-02 21:15:10,failed ,421314,NEFT
10000638,11000000063,11000000045,2022-01-24 04:29:24,success,2673243,RTGS
10000639,11000000071,14000000086,2022-01-16 16:02:39,success,1253338,IMPS
10000640,11000000012,13000000032,2022-02-23 22:13:32,success,1607115,RTGS
10000641,12000000037,12000000001,2022-02-05 09:48:13,success,794253,IMPS
10000642,11000000147,11000000199,2022-02-26 13:06:29,success,1286936,IMPS
10000643,11000000079,14000000077,2022-01-09 15:38:45,success,1742794,RTGS
10000644,11000000273,12000000154,2022-01-22 02:06:17,success,1829450,RTGS
10000645,11000000242,12000000179,2022-02-21 02:03:14,success,1517063,RTGS
10000646,11000000109,11000000016,2022-01-26 22:23:17,success,1251304,IMPS
10000647,11000000225,12000000113,2022-02-03 15:56:35,success,1524971,RTGS
10000648,12000000082,11000000163,2022-01-19 09:12:33,success,1973252,RTGS
10000649,11000000060,12000000156,2022-02-07 19:43:22,success,1118074,IMPS
10000650,11000000217,13000000038,2022-01-26 13:29:50,success,137461,NEFT
10000651,11000000136,12000000097,2022-01-09 06:55:12,success,1066408,IMPS
10000652,11000000096,13000000008,2022-01-02 11:03:40,success,894590,IMPS
10000653,12000000033,12000000102,2022-01-13 22:40:44,failed ,757148,IMPS
10000654,12000000158,14000000084,2022-01-23 14:45:31,success,2194498,RTGS
10000655,11000000217,14000000061,2022-01-06 15:16:05,success,578200,IMPS
10000656,12000000043,12000000175,2022-01-07 22:33:29,success,2863846,RTGS
10000657,11000000250,11000000232,2022-02-04 21:08:49,success,1464318,IMPS
10000658,11000000088,13000000024,2022-02-10 14:25:56,success,1213843,IMPS
10000659,11000000137,14000000041,2022-01-12 18:25:48,failed ,403490,NEFT
10000660,11000000165,11000000083,2022-01-03 01:54:51,success,2109274,RTGS
10000661,11000000103,11000000106,2022-01-29 13:31:17,failed ,2723217,RTGS
10000662,11000000080,12000000003,2022-01-12 07:58:45,failed ,1174117,IMPS
10000663,11000000176,13000000036,2022-02-08 20:06:16,success,985597,IMPS
10000664,11000000097,11000000031,2022-02-27 05:51:55,failed ,1987461,RTGS
10000665,11000000141,14000000002,2022-02-13 23:33:25,success,1712720,RTGS
10000666,11000000111,14000000021,2022-02-04 21:29:39,success,2286600,RTGS
10000667,11000000124,12000000126,2022-02-23 07:25:18,success,1388431,IMPS
10000668,12000000035,13000000034,2022-01-03 09:21:14,success,977830,IMPS
10000669,12000000130,14000000039,2022-02-14 12:45:12,success,1248661,IMPS
10000670,11000000198,14000000049,2022-01-31 13:15:48,failed ,2728570,RTGS
10000671,11000000012,14000000059,2022-01-08 09:44:00,success,2864621,RTGS
10000672,11000000055,12000000035,2022-02-02 02:25:43,success,1633572,RTGS
10000673,11000000180,12000000021,2022-01-01 08:59:34,success,814738,IMPS
10000674,11000000014,12000000119,2022-01-28 22:25:22,success,399296,NEFT
10000675,11000000181,12000000067,2022-01-25 00:11:28,success,905055,IMPS
10000676,12000000026,11000000127,2022-01-08 04:40:58,success,2373439,RTGS
10000677,11000000118,12000000147,2022-02-20 15:58:50,success,645051,IMPS
10000678,11000000170,12000000029,2022-02-04 18:54:34,success,251074,NEFT
10000679,11000000197,14000000015,2022-02-16 00:20:21,failed ,91368,NEFT
10000680,11000000229,13000000010,2022-02-27 21:50:47,success,819098,IMPS
10000681,11000000151,11000000152,2022-01-26 15:50:15,success,1017404,IMPS
10000682,11000000182,12000000147,2022-01-27 12:53:00,success,1855491,RTGS
10000683,12000000131,14000000017,2022-01-17 07:26:09,success,941826,IMPS
10000684,12000000125,12000000025,2022-02-08 16:11:24,success,1742880,RTGS
10000685,11000000180,14000000042,2022-01-05 17:10:24,failed ,2816326,RTGS
10000686,11000000167,14000000015,2022-01-23 06:56:58,success,1181712,IMPS
10000687,12000000178,11000000170,2022-02-02 14:11:18,success,1618014,RTGS
10000688,11000000210,13000000007,2022-01-01 03:45:55,failed ,2413517,RTGS
10000689,11000000256,12000000150,2022-01-07 10:37:46,success,2594303,RTGS
10000690,11000000205,12000000167,2022-01-01 22:03:27,success,1967786,RTGS
10000691,12000000157,12000000100,2022-02-16 11:30:13,success,1708327,RTGS
10000692,11000000076,13000000019,2022-01-10 20:45:20,success,2191007,RTGS
10000693,11000000109,12000000178,2022-01-16 09:10:31,success,729400,IMPS
10000694,11000000023,13000000046,2022-02-08 00:40:54,success,2250861,RTGS
10000695,11000000006,12000000119,2022-01-15 23:57:12,success,1137935,IMPS
10000696,11000000034,12000000141,2022-01-28 13:08:36,success,2582779,RTGS
10000697,12000000082,11000000077,2022-01-15 21:04:08,success,2485699,RTGS
10000698,12000000175,11000000117,2022-02-26 21:48:04,success,2581221,RTGS
10000699,12000000088,14000000096,2022-02-02 04:47:58,failed ,2366436,RTGS
10000700,12000000017,13000000030,2022-02-12 17:09:46,failed ,1138793,IMPS
10000701,12000000041,14000000024,2022-01-09 17:25:26,failed ,818581,IMPS
10000702,11000000143,11000000113,2022-02-03 03:21:05,failed ,550404,IMPS
10000703,11000000015,14000000039,2022-01-28 01:20:44,failed ,2600278,RTGS
10000704,11000000060,12000000001,2022-02-01 05:53:28,success,108308,NEFT
10000705,11000000108,11000000063,2022-02-10 07:31:18,failed ,23086,NEFT
10000706,11000000050,14000000014,2022-01-22 05:11:38,success,884354,IMPS
10000707,11000000272,11000000083,2022-01-09 12:35:24,success,2434653,RTGS
10000708,11000000147,11000000040,2022-01-14 16:15:22,success,480373,NEFT
10000709,11000000042,12000000023,2022-02-03 02:25:27,success,580544,IMPS
10000710,12000000082,13000000003,2022-02-16 07:35:01,success,2571085,RTGS
10000711,11000000009,12000000189,2022-01-18 21:03:05,success,513536,IMPS
10000712,11000000214,14000000067,2022-02-18 02:11:22,success,1403122,IMPS
10000713,11000000063,14000000027,2022-01-24 03:41:05,failed ,122262,NEFT
10000714,11000000260,11000000195,2022-02-12 20:54:35,success,2967996,RTGS
10000715,12000000022,11000000049,2022-02-15 12:58:45,success,1040903,IMPS
10000716,12000000009,11000000138,2022-01-22 21:58:01,success,2852485,RTGS
10000717,12000000145,11000000011,2022-02-14 04:20:13,success,1378367,IMPS
10000718,11000000160,11000000263,2022-02-28 17:39:18,success,2305282,RTGS
10000719,11000000202,14000000020,2022-01-12 03:10:50,success,1526229,RTGS
10000720,12000000181,12000000185,2022-02-17 14:32:59,success,1798697,RTGS
10000721,11000000084,12000000025,2022-01-16 12:49:13,success,1007033,IMPS
10000722,11000000186,14000000061,2022-02-07 07:50:32,success,1007229,IMPS
10000723,12000000079,12000000080,2022-01-10 19:16:39,success,286535,NEFT
10000724,11000000257,14000000069,2022-01-13 01:51:42,success,258461,NEFT
10000725,11000000097,12000000068,2022-02-13 23:55:12,success,1927380,RTGS
10000726,11000000259,11000000234,2022-01-17 00:45:40,success,2905162,RTGS
10000727,11000000272,12000000089,2022-01-05 19:52:50,failed ,935509,IMPS
10000728,11000000053,12000000193,2022-02-20 02:24:46,success,266474,NEFT
10000729,11000000149,14000000051,2022-01-16 01:41:21,success,871567,IMPS
10000730,11000000072,11000000029,2022-01-17 02:31:15,success,707333,IMPS
10000731,11000000025,12000000175,2022-01-10 10:33:55,failed ,2600760,RTGS
10000732,11000000164,11000000106,2022-02-05 06:28:33,failed ,2400240,RTGS
10000733,12000000179,11000000107,2022-02-20 15:11:42,success,838606,IMPS
10000734,11000000072,15000000049,2022-01-16 03:03:06,success,2080578,RTGS
10000735,12000000171,11000000020,2022-02-17 15:48:27,success,1183883,IMPS
10000736,11000000081,11000000045,2022-01-31 18:36:00,failed ,718586,IMPS
10000737,11000000153,12000000112,2022-02-11 12:38:37,success,2467784,RTGS
10000738,11000000219,14000000076,2022-02-02 15:04:59,success,2345706,RTGS
10000739,12000000135,13000000004,2022-02-06 22:09:49,success,2483698,RTGS
10000740,11000000123,13000000043,2022-01-21 00:54:52,success,1179442,IMPS
10000741,11000000038,14000000040,2022-01-21 00:41:02,success,1490437,IMPS
10000742,11000000019,11000000214,2022-01-20 02:17:10,failed ,1453808,IMPS
10000743,11000000213,14000000061,2022-01-12 09:08:31,success,1444864,IMPS
10000744,11000000130,11000000091,2022-02-03 11:21:12,success,1785431,RTGS
10000745,11000000184,14000000049,2022-01-08 06:27:02,success,498839,NEFT
10000746,11000000011,14000000072,2022-01-17 07:14:01,success,2161011,RTGS
10000747,12000000133,12000000093,2022-01-15 08:59:24,success,2123854,RTGS
10000748,12000000169,13000000001,2022-02-09 12:44:44,success,1944353,RTGS
10000749,11000000034,12000000150,2022-01-03 05:52:19,success,768579,IMPS
10000750,11000000201,11000000267,2022-01-06 07:59:31,success,1454495,IMPS
10000751,12000000179,13000000034,2022-01-30 12:15:51,success,233304,NEFT
10000752,11000000093,14000000069,2022-01-14 08:42:16,success,1358777,IMPS
10000753,11000000010,14000000056,2022-01-25 10:58:28,success,429565,NEFT
10000754,11000000146,15000000033,2022-02-08 11:19:31,success,1000956,IMPS
10000755,11000000265,14000000079,2022-02-07 11:05:43,success,2339867,RTGS
10000756,11000000164,11000000021,2022-02-09 00:26:01,success,746379,IMPS
10000757,12000000045,12000000128,2022-02-25 15:08:02,success,1617876,RTGS
10000758,11000000017,11000000200,2022-01-04 11:07:55,success,1412788,IMPS
10000759,11000000223,12000000155,2022-02-21 01:19:37,failed ,2154596,RTGS
10000760,11000000188,14000000099,2022-02-24 04:56:44,failed ,1408054,IMPS
10000761,12000000041,14000000033,2022-01-26 03:33:50,success,806979,IMPS
10000762,11000000142,12000000043,2022-01-12 00:05:48,success,2187747,RTGS
10000763,11000000258,11000000090,2022-01-15 21:18:06,success,158421,NEFT
10000764,11000000053,12000000082,2022-01-29 06:51:06,failed ,135749,NEFT
10000765,11000000068,12000000192,2022-02-09 21:18:24,failed ,215044,NEFT
10000766,12000000074,11000000256,2022-02-20 02:54:58,success,1038685,IMPS
10000767,11000000165,15000000015,2022-01-24 05:35:11,success,160732,NEFT
10000768,11000000189,11000000035,2022-02-01 23:38:37,failed ,1544480,RTGS
10000769,12000000103,12000000107,2022-01-09 11:13:20,success,2236366,RTGS
10000770,11000000132,12000000007,2022-01-14 22:51:19,success,1875668,RTGS
10000771,11000000206,11000000062,2022-01-23 18:23:19,success,2936768,RTGS
10000772,11000000032,14000000021,2022-01-02 06:58:02,failed ,2498621,RTGS
10000773,11000000029,15000000032,2022-01-02 16:17:51,success,1076538,IMPS
10000774,12000000122,11000000146,2022-02-26 05:25:27,success,690814,IMPS
10000775,11000000067,12000000121,2022-02-22 05:02:43,success,2219017,RTGS
10000776,11000000176,11000000144,2022-01-02 10:56:36,success,913577,IMPS
10000777,11000000030,11000000211,2022-01-10 00:30:58,success,2531623,RTGS
10000778,11000000078,11000000095,2022-01-18 19:34:02,failed ,104279,NEFT
10000779,11000000177,12000000167,2022-02-24 04:43:58,success,647220,IMPS
10000780,11000000169,13000000017,2022-01-08 08:10:09,success,2226123,RTGS
10000781,11000000139,15000000016,2022-02-26 22:35:05,success,1390738,IMPS
10000782,11000000073,15000000067,2022-01-22 15:15:12,success,1326704,IMPS
10000783,11000000060,13000000022,2022-02-10 10:01:53,success,1613694,RTGS
10000784,11000000027,15000000063,2022-03-01 07:32:06,success,1286971,IMPS
10000785,12000000117,12000000074,2022-01-22 10:58:56,success,1192755,IMPS
10000786,11000000205,11000000111,2022-01-23 08:56:19,success,175511,NEFT
10000787,12000000027,13000000027,2022-01-28 17:51:16,success,2192143,RTGS
10000788,12000000022,11000000149,2022-02-18 03:50:01,success,1284266,IMPS
10000789,11000000156,12000000028,2022-02-06 05:55:23,failed ,187069,NEFT
10000790,11000000244,12000000002,2022-02-27 21:25:01,success,2860964,RTGS
10000791,11000000086,12000000107,2022-01-31 09:27:25,failed ,658045,IMPS
10000792,11000000233,14000000010,2022-02-24 08:35:00,success,1243783,IMPS
10000793,11000000093,14000000024,2022-01-12 11:05:46,success,735627,IMPS
10000794,11000000189,11000000058,2022-02-19 16:18:41,failed ,1089868,IMPS
10000795,12000000133,12000000003,2022-02-28 23:58:22,success,956265,IMPS
10000796,11000000206,14000000083,2022-01-11 15:07:16,success,2213368,RTGS
10000797,11000000249,12000000121,2022-01-06 11:46:12,success,2592387,RTGS
10000798,11000000170,11000000237,2022-02-03 12:44:43,success,2562562,RTGS
10000799,12000000163,12000000095,2022-01-18 12:49:27,success,762405,IMPS
10000800,11000000167,12000000153,2022-01-26 20:22:07,success,1149637,IMPS
10000801,11000000145,14000000066,2022-02-11 10:49:35,success,1518281,RTGS
10000802,11000000035,13000000026,2022-01-12 01:04:52,success,140391,NEFT
10000803,11000000007,15000000008,2022-02-14 21:26:35,success,2052029,RTGS
10000804,11000000269,15000000014,2022-01-27 11:31:42,success,1441305,IMPS
10000805,11000000066,12000000178,2022-02-01 04:09:59,success,280765,NEFT
10000806,11000000001,11000000088,2022-02-10 08:10:31,success,2092150,RTGS
10000807,11000000164,14000000094,2022-02-06 05:46:44,success,367807,NEFT
10000808,11000000004,12000000078,2022-02-17 17:43:37,success,27675,NEFT
10000809,12000000102,14000000079,2022-02-20 22:16:26,failed ,190952,NEFT
10000810,12000000057,11000000186,2022-02-11 04:51:44,success,2331880,RTGS
10000811,12000000075,13000000023,2022-01-05 17:06:31,success,1433430,IMPS
10000812,12000000010,12000000063,2022-02-08 14:23:40,success,376725,NEFT
10000813,12000000021,12000000125,2022-01-01 20:33:46,success,2707086,RTGS
10000814,12000000062,12000000001,2022-02-09 08:21:17,success,2159587,RTGS
10000815,11000000159,14000000018,2022-02-26 22:53:08,success,1357159,IMPS
10000816,11000000081,12000000037,2022-02-14 22:43:38,success,1789631,RTGS
10000817,11000000021,11000000092,2022-02-28 11:17:25,success,1936406,RTGS
10000818,12000000015,12000000088,2022-01-09 20:28:33,success,1754491,RTGS
10000819,11000000195,11000000090,2022-01-24 15:34:14,success,1600616,RTGS
10000820,11000000188,12000000037,2022-01-25 13:59:54,success,2239064,RTGS
10000821,12000000172,14000000020,2022-02-16 06:42:26,success,1090038,IMPS
10000822,11000000238,13000000027,2022-01-23 20:43:01,failed ,2198830,RTGS
10000823,11000000238,12000000048,2022-02-16 06:58:48,success,1364251,IMPS
10000824,11000000061,12000000090,2022-01-21 11:25:44,success,296238,NEFT
10000825,11000000158,13000000040,2022-02-08 05:22:11,success,1161711,IMPS
10000826,11000000106,12000000020,2022-01-22 07:03:11,success,2899708,RTGS
10000827,11000000055,11000000225,2022-01-18 23:15:15,success,2002032,RTGS
10000828,11000000119,13000000027,2022-02-03 10:37:15,success,2960345,RTGS
10000829,11000000033,12000000169,2022-01-08 00:15:35,success,1138871,IMPS
10000830,12000000066,13000000041,2022-02-14 08:37:37,success,115085,NEFT
10000831,11000000151,12000000135,2022-02-12 20:31:04,success,2407640,RTGS
10000832,11000000210,11000000264,2022-01-09 09:16:24,success,2141502,RTGS
10000833,11000000035,12000000183,2022-01-21 18:46:17,success,1835864,RTGS
10000834,11000000243,12000000193,2022-02-17 22:22:22,success,2953045,RTGS
10000835,11000000184,12000000124,2022-01-12 13:01:36,success,820636,IMPS
10000836,11000000157,14000000071,2022-01-03 15:47:18,failed ,889388,IMPS
10000837,11000000134,12000000182,2022-02-26 00:41:19,success,1870382,RTGS
10000838,11000000202,12000000073,2022-03-01 18:27:00,success,2962194,RTGS
10000839,11000000012,14000000002,2022-02-18 12:17:36,success,2932610,RTGS
10000840,11000000042,11000000194,2022-01-25 17:02:34,success,1885964,RTGS
10000841,11000000052,12000000051,2022-01-31 03:27:20,success,1432124,IMPS
10000842,12000000111,13000000046,2022-02-15 09:44:15,success,2451793,RTGS
10000843,11000000244,14000000016,2022-01-06 02:50:18,success,477770,NEFT
10000844,11000000116,13000000028,2022-01-23 14:24:30,success,971848,IMPS
10000845,12000000071,14000000094,2022-02-15 17:39:39,failed ,2332180,RTGS
10000846,11000000024,14000000064,2022-01-04 10:49:12,failed ,2172558,RTGS
10000847,11000000234,12000000115,2022-01-04 01:11:53,failed ,2375637,RTGS
10000848,11000000250,14000000091,2022-01-09 02:17:32,success,622048,IMPS
10000849,11000000138,14000000044,2022-01-10 23:28:02,success,1062159,IMPS
10000850,11000000027,12000000154,2022-02-28 01:28:51,success,713267,IMPS
10000851,12000000011,12000000134,2022-02-25 06:31:02,success,2196602,RTGS
10000852,11000000078,11000000046,2022-01-31 02:40:19,success,224314,NEFT
10000853,11000000016,14000000030,2022-02-02 12:08:52,success,1720062,RTGS
10000854,11000000144,11000000184,2022-02-07 20:14:07,success,679087,IMPS
10000855,11000000127,11000000014,2022-02-28 13:13:43,success,1343674,IMPS
10000856,11000000273,15000000036,2022-01-02 05:44:59,success,728488,IMPS
10000857,12000000156,11000000250,2022-01-12 19:16:24,success,1216745,IMPS
10000858,12000000151,12000000046,2022-02-17 16:21:33,success,2717848,RTGS
10000859,12000000064,11000000002,2022-02-11 06:03:24,success,1312670,IMPS
10000860,11000000113,14000000091,2022-02-20 04:57:52,failed ,529618,IMPS
10000861,12000000090,12000000033,2022-02-11 03:15:54,failed ,1365642,IMPS
10000862,12000000136,12000000058,2022-01-04 08:20:35,success,2317880,RTGS
10000863,11000000255,13000000023,2022-02-05 18:51:33,failed ,2663686,RTGS
10000864,12000000035,14000000073,2022-01-11 08:21:35,success,2676020,RTGS
10000865,11000000017,11000000015,2022-02-02 22:39:06,failed ,1654391,RTGS
10000866,12000000065,12000000006,2022-02-14 10:59:28,success,393203,NEFT
10000867,11000000045,12000000161,2022-01-31 05:07:48,success,236986,NEFT
10000868,11000000144,14000000050,2022-02-26 21:25:26,success,2861880,RTGS
10000869,11000000164,14000000012,2022-01-30 11:39:02,success,2159131,RTGS
10000870,11000000247,11000000037,2022-02-23 17:43:57,success,2759075,RTGS
10000871,11000000187,11000000211,2022-01-08 05:03:43,failed ,2114697,RTGS
10000872,11000000110,12000000187,2022-02-18 21:59:44,success,1576307,RTGS
10000873,11000000219,11000000257,2022-01-30 20:35:28,failed ,744855,IMPS
10000874,11000000102,14000000038,2022-01-04 16:33:42,success,96581,NEFT
10000875,12000000054,11000000198,2022-02-14 12:58:55,success,892716,IMPS
10000876,11000000242,12000000042,2022-02-16 18:44:11,failed ,2769612,RTGS
10000877,12000000140,14000000056,2022-02-05 16:24:50,success,1624413,RTGS
10000878,11000000101,14000000065,2022-02-02 11:35:49,success,2389324,RTGS
10000879,11000000149,11000000233,2022-01-23 18:05:27,success,1160966,IMPS
10000880,11000000054,12000000187,2022-01-05 14:21:20,success,1325696,IMPS
10000881,11000000204,12000000007,2022-02-04 09:05:50,failed ,310423,NEFT
10000882,12000000110,12000000047,2022-02-06 01:09:54,success,1538773,RTGS
10000883,11000000083,12000000072,2022-02-21 13:17:01,success,2573820,RTGS
10000884,12000000048,12000000097,2022-01-10 06:20:03,success,282727,NEFT
10000885,11000000152,11000000220,2022-02-08 03:33:27,success,795881,IMPS
10000886,11000000022,12000000083,2022-01-16 20:54:11,success,78104,NEFT
10000887,11000000047,11000000191,2022-02-20 23:30:12,success,849620,IMPS
10000888,11000000248,11000000119,2022-01-16 03:53:25,failed ,1032225,IMPS
10000889,11000000037,11000000251,2022-01-13 12:38:55,success,2694597,RTGS
10000890,12000000142,12000000045,2022-01-07 09:28:43,success,798653,IMPS
10000891,11000000069,14000000063,2022-01-05 19:25:37,failed ,1265152,IMPS
10000892,11000000137,14000000053,2022-02-12 06:00:21,success,405530,NEFT
10000893,12000000109,14000000003,2022-01-18 13:16:53,success,1030529,IMPS
10000894,11000000055,14000000024,2022-01-18 17:15:36,success,84972,NEFT
10000895,11000000162,11000000270,2022-01-29 13:17:41,success,1529250,RTGS
10000896,12000000016,11000000256,2022-02-02 05:14:35,success,709414,IMPS
10000897,11000000247,11000000271,2022-01-12 21:40:15,failed ,203548,NEFT
10000898,11000000265,12000000036,2022-02-18 01:40:11,failed ,1043875,IMPS
10000899,12000000112,14000000041,2022-02-17 21:44:26,success,8203,NEFT
10000900,12000000124,11000000163,2022-02-23 05:57:04,success,2758491,RTGS
10000901,11000000133,12000000086,2022-01-25 15:35:47,failed ,81308,NEFT
10000902,12000000115,11000000266,2022-02-02 09:20:20,success,683666,IMPS
10000903,11000000127,11000000245,2022-01-06 09:18:31,success,2241888,RTGS
10000904,11000000196,12000000075,2022-01-28 22:18:16,success,2398805,RTGS
10000905,11000000025,13000000002,2022-01-19 18:34:50,success,2731029,RTGS
10000906,11000000216,15000000043,2022-01-03 11:23:06,success,2504216,RTGS
10000907,11000000250,11000000023,2022-02-07 19:12:20,success,2649428,RTGS
10000908,12000000014,14000000071,2022-01-30 18:46:32,success,2280218,RTGS
10000909,12000000090,12000000037,2022-02-10 23:09:51,success,1428352,IMPS
10000910,11000000053,12000000147,2022-02-25 08:44:28,success,1067927,IMPS
10000911,11000000112,12000000026,2022-01-05 16:19:49,success,2842470,RTGS
10000912,11000000158,12000000038,2022-01-16 20:57:28,success,1729536,RTGS
10000913,11000000054,11000000167,2022-01-08 23:07:42,success,2722054,RTGS
10000914,11000000274,12000000027,2022-01-22 23:27:28,failed ,1758886,RTGS
10000915,11000000160,11000000156,2022-01-09 01:34:54,failed ,1657130,RTGS
10000916,11000000253,12000000062,2022-02-11 14:24:38,success,961897,IMPS
10000917,11000000065,11000000274,2022-01-03 16:42:16,success,265941,NEFT
10000918,11000000109,12000000021,2022-02-17 22:25:57,success,396416,NEFT
10000919,11000000085,11000000101,2022-02-22 18:02:30,success,247570,NEFT
10000920,11000000205,11000000224,2022-01-17 08:55:02,success,890852,IMPS
10000921,12000000088,11000000025,2022-01-28 03:04:51,success,182287,NEFT
10000922,11000000098,13000000030,2022-01-28 19:22:40,success,376654,NEFT
10000923,11000000204,14000000081,2022-02-15 06:22:40,success,2065592,RTGS
10000924,11000000082,14000000044,2022-01-24 10:20:02,failed ,2867989,RTGS
10000925,11000000026,11000000152,2022-02-20 09:47:41,success,926321,IMPS
10000926,12000000151,11000000033,2022-02-12 10:55:25,success,870101,IMPS
10000927,11000000179,13000000027,2022-01-07 17:54:33,success,637385,IMPS
10000928,11000000172,14000000046,2022-01-24 14:18:55,success,942153,IMPS
10000929,11000000219,11000000135,2022-01-08 08:02:25,success,175652,NEFT
10000930,11000000124,15000000072,2022-02-13 03:34:31,success,890854,IMPS
10000931,11000000080,12000000183,2022-02-23 02:58:01,success,1458716,IMPS
10000932,11000000054,11000000126,2022-01-01 17:40:52,success,2004206,RTGS
10000933,11000000031,11000000093,2022-02-16 21:35:13,success,629311,IMPS
10000934,11000000125,13000000019,2022-02-21 21:52:38,failed ,321142,NEFT
10000935,11000000017,14000000091,2022-01-05 02:57:42,success,1994883,RTGS
10000936,11000000073,13000000010,2022-02-27 07:32:57,success,2690087,RTGS
10000937,11000000008,15000000010,2022-01-15 17:35:27,success,624453,IMPS
10000938,11000000274,11000000237,2022-02-04 16:07:18,failed ,89689,NEFT
10000939,11000000029,12000000080,2022-02-09 01:42:29,success,473858,NEFT
10000940,11000000108,12000000027,2022-01-25 03:25:13,success,2173014,RTGS
10000941,11000000244,11000000102,2022-01-18 14:07:27,success,923851,IMPS
10000942,11000000274,12000000060,2022-01-28 11:10:23,success,2259224,RTGS
10000943,11000000059,12000000199,2022-01-27 09:16:06,success,2341,NEFT
10000944,11000000186,11000000139,2022-01-18 19:40:51,success,528867,IMPS
10000945,11000000037,12000000035,2022-01-12 11:27:27,success,1063399,IMPS
10000946,11000000148,12000000043,2022-02-15 20:48:27,success,1716168,RTGS
10000947,11000000010,12000000006,2022-01-11 12:55:22,success,1403909,IMPS
10000948,11000000239,12000000086,2022-01-16 18:03:27,failed ,2962027,RTGS
10000949,12000000042,11000000262,2022-02-13 23:28:58,success,329927,NEFT
10000950,12000000044,14000000087,2022-02-04 13:28:50,success,2896220,RTGS
10000951,11000000078,12000000024,2022-01-13 17:26:54,failed ,750813,IMPS
10000952,11000000117,14000000012,2022-02-12 11:30:11,success,811668,IMPS
10000953,12000000137,12000000196,2022-02-05 10:54:12,success,815979,IMPS
10000954,11000000062,15000000072,2022-02-23 15:37:11,failed ,757058,IMPS
10000955,11000000122,11000000042,2022-01-30 11:20:50,success,2855138,RTGS
10000956,12000000148,11000000072,2022-01-20 22:27:17,success,2604444,RTGS
10000957,12000000000,15000000061,2022-01-05 01:58:12,failed ,2613889,RTGS
10000958,11000000274,12000000015,2022-01-18 13:59:04,success,588895,IMPS
10000959,12000000060,11000000000,2022-02-11 10:51:37,success,2845007,RTGS
10000960,11000000037,11000000071,2022-01-03 22:05:31,failed ,409299,NEFT
10000961,11000000067,11000000034,2022-01-23 02:00:30,success,2094328,RTGS
10000962,11000000245,11000000085,2022-02-23 14:48:54,success,2596185,RTGS
10000963,12000000009,14000000097,2022-02-04 03:33:07,success,1916128,RTGS
10000964,11000000163,11000000115,2022-01-15 20:07:11,success,2066644,RTGS
10000965,11000000023,11000000250,2022-01-23 15:55:34,success,1675580,RTGS
10000966,12000000164,13000000041,2022-01-16 19:01:50,failed ,1475138,IMPS
10000967,11000000240,15000000027,2022-01-17 11:16:38,failed ,862152,IMPS
10000968,12000000147,12000000151,2022-01-12 19:31:11,success,1065383,IMPS
10000969,11000000134,12000000045,2022-01-01 02:37:06,success,6482,NEFT
10000970,11000000089,11000000257,2022-02-25 19:06:18,success,1477782,IMPS
10000971,12000000095,11000000062,2022-01-20 06:37:26,success,630276,IMPS
10000972,11000000261,12000000119,2022-02-18 11:57:59,success,420236,NEFT
10000973,11000000274,11000000031,2022-02-21 09:55:36,failed ,2986832,RTGS
10000974,11000000172,12000000019,2022-01-28 13:44:21,success,1468494,IMPS
10000975,11000000069,12000000032,2022-01-22 16:29:10,success,1213108,IMPS
10000976,12000000102,12000000197,2022-01-27 15:19:16,success,2965642,RTGS
10000977,12000000131,14000000084,2022-02-25 05:43:18,success,2204253,RTGS
10000978,11000000043,14000000028,2022-02-24 17:45:27,success,44979,NEFT
10000979,11000000183,15000000032,2022-02-02 09:42:39,failed ,461579,NEFT
10000980,11000000199,12000000018,2022-01-12 01:16:29,success,934651,IMPS
10000981,11000000154,15000000021,2022-01-04 07:01:06,success,42472,NEFT
10000982,11000000116,14000000030,2022-01-04 22:54:07,success,1326203,IMPS
10000983,11000000237,12000000000,2022-02-21 02:47:47,success,192515,NEFT
10000984,11000000001,11000000178,2022-01-01 05:59:56,failed ,1936268,RTGS
10000985,11000000262,11000000060,2022-01-08 02:11:22,success,1029750,IMPS
10000986,11000000236,12000000184,2022-01-09 14:48:30,failed ,795342,IMPS
10000987,12000000014,14000000055,2022-01-26 01:27:06,success,1482883,IMPS
10000988,11000000104,11000000051,2022-02-07 13:20:38,success,967629,IMPS
10000989,11000000184,14000000036,2022-03-01 22:57:22,success,445072,NEFT
10000990,12000000094,13000000017,2022-01-28 06:07:02,success,2216435,RTGS
10000991,12000000088,11000000112,2022-01-18 15:54:55,success,1005759,IMPS
10000992,11000000106,15000000042,2022-01-19 04:05:46,success,2279432,RTGS
10000993,11000000013,14000000078,2022-01-30 23:42:38,success,2923109,RTGS
10000994,11000000250,14000000062,2022-02-19 06:03:45,success,1459179,IMPS
10000995,11000000136,14000000080,2022-02-10 14:50:23,success,2754901,RTGS
10000996,11000000038,11000000223,2022-01-22 14:00:14,success,2762822,RTGS
10000997,11000000099,12000000060,2022-01-15 08:53:34,success,328586,NEFT
10000998,12000000189,13000000022,2022-02-03 01:17:42,success,677153,IMPS
10000999,11000000193,11000000037,2022-01-29 11:26:16,failed ,2678392,RTGS
10001000,11000000255,11000000128,2022-02-20 04:00:33,success,1990473,RTGS
